mykCollegeId,UNITID
1001,100858.0
1002,100937.0
1003,101073.0
1004,103945.0
1005,107080.0
1006,107099.0
1007,107220.0
1008,114734.0
1009,117894.0
1010,127389.0
1011,129774.0
1012,132374.0
1013,136765.0
1014,136774.0
1015,136783.0
1016,136826.0
1017,136950.0
1018,137023.0
1019,137713.0
1020,137962.0
1021,138132.0
1022,
1023,138284.0
1024,
1025,138716.0
1026,138761.0
1027,138789.0
1028,138813.0
1029,138822.0
1030,138840.0
1031,138868.0
1032,138901.0
1033,138929.0
1034,138938.0
1035,138947.0
1036,138956.0
1037,139010.0
1040,139144.0
1041,139153.0
1042,139199.0
1043,139205.0
1044,139393.0
1045,139719.0
1046,139968.0
1047,139986.0
1048,145831.0
1049,
1050,153001.0
1051,160135.0
1052,161484.0
1053,161776.0
1054,163453.0
1055,163462.0
1056,166045.0
1057,166939.0
1058,167215.0
1059,167598.0
1060,167631.0
1061,167677.0
1062,167729.0
1063,167738.0
1064,167783.0
1065,167792.0
1066,167835.0
1067,167871.0
1068,168883.0
1069,169187.0
1070,169220.0
1071,169248.0
1072,169275.0
1073,169284.0
1074,169327.0
1075,169363.0
1076,169655.0
1077,169947.0
1078,170037.0
1079,170444.0
1080,170736.0
1081,170790.0
1082,171128.0
1083,171225.0
1084,171599.0
1085,171997.0
1086,172015.0
1087,172200.0
1088,172264.0
1089,172291.0
1090,172325.0
1091,172334.0
1092,172422.0
1093,
1094,172495.0
1095,
1096,
1097,172680.0
1098,
1099,172866.0
1100,173203.0
1101,173258.0
1102,173300.0
1103,173461.0
1104,173559.0
1105,173708.0
1107,173735.0
1108,173799.0
1110,173993.0
1111,174075.0
1112,174127.0
1113,174376.0
1114,174437.0
1115,174738.0
1116,174747.0
1118,
1119,174978.0
1120,175041.0
1121,175078.0
1122,175120.0
1123,
1124,175227.0
1125,175236.0
1126,175263.0
1127,175281.0
1128,175430.0
1129,175573.0
1130,175643.0
1131,175652.0
1132,175722.0
1133,175786.0
1134,175810.0
1135,175856.0
1136,175935.0
1137,176008.0
1138,176053.0
1139,176178.0
1140,176336.0
1141,176354.0
1142,
1144,176628.0
1146,176664.0
1147,176716.0
1148,176770.0
1149,176789.0
1150,176798.0
1151,176910.0
1152,176947.0
1153,176965.0
1154,176983.0
1156,177038.0
1157,177056.0
1158,177065.0
1159,177083.0
1160,177092.0
1161,177117.0
1162,177126.0
1163,177135.0
1164,177144.0
1165,177214.0
1166,177250.0
1167,177278.0
1168,177287.0
1169,177302.0
1170,177339.0
1171,177418.0
1172,177436.0
1173,177472.0
1174,177542.0
1175,177551.0
1176,177579.0
1177,177588.0
1178,177603.0
1179,177676.0
1180,177685.0
1181,177719.0
1182,177746.0
1183,177816.0
1184,177834.0
1185,177870.0
1186,177931.0
1187,177940.0
1188,177968.0
1189,177977.0
1190,177986.0
1191,177995.0
1192,178059.0
1193,178077.0
1194,178110.0
1195,178183.0
1196,178208.0
1197,178217.0
1198,178244.0
1202,178341.0
1203,178369.0
1204,178387.0
1205,178396.0
1206,178402.0
1207,178411.0
1208,178420.0
1209,178448.0
1210,178466.0
1212,178518.0
1213,178527.0
1214,178615.0
1215,178624.0
1216,178679.0
1217,178697.0
1218,178721.0
1219,178767.0
1220,178828.0
1221,178891.0
1222,178989.0
1223,179043.0
1224,179052.0
1226,179159.0
1227,179195.0
1228,179229.0
1229,179238.0
1230,179256.0
1231,179265.0
1232,179308.0
1233,179317.0
1234,179326.0
1235,179344.0
1236,179450.0
1237,179511.0
1238,179539.0
1239,179548.0
1240,179557.0
1241,179566.0
1242,179645.0
1243,179715.0
1244,179812.0
1245,
1246,
1248,
1249,
1250,
1251,179991.0
1252,180054.0
1253,180063.0
1254,180081.0
1255,180090.0
1256,180106.0
1257,180151.0
1258,180160.0
1259,180179.0
1260,180197.0
1261,180203.0
1262,180212.0
1263,180249.0
1264,
1265,180276.0
1266,180328.0
1267,180373.0
1269,180416.0
1270,180461.0
1271,180489.0
1272,180522.0
1273,180595.0
1274,180647.0
1275,180692.0
1276,180771.0
1277,180814.0
1278,180832.0
1279,180878.0
1280,180902.0
1281,180948.0
1282,180957.0
1283,180984.0
1284,181002.0
1285,181020.0
1286,181093.0
1287,181127.0
1288,181145.0
1289,181190.0
1290,181215.0
1291,181242.0
1292,181297.0
1293,181303.0
1294,181312.0
1295,181330.0
1296,181376.0
1297,181394.0
1298,181400.0
1299,181419.0
1300,181428.0
1301,181446.0
1302,181464.0
1303,181491.0
1304,181534.0
1305,181604.0
1306,181640.0
1307,181738.0
1309,181765.0
1310,
1312,
1313,
1314,181880.0
1315,181941.0
1316,182005.0
1317,182111.0
1318,182148.0
1319,182281.0
1320,182290.0
1321,182306.0
1322,182458.0
1323,182500.0
1324,
1325,182634.0
1326,182652.0
1328,182670.0
1329,182704.0
1330,182722.0
1331,182795.0
1332,182829.0
1334,182892.0
1335,182917.0
1336,182953.0
1337,182980.0
1338,182999.0
1339,183026.0
1340,183035.0
1341,183044.0
1342,183062.0
1343,183071.0
1344,183080.0
1345,183099.0
1346,
1347,183114.0
1348,183123.0
1349,183132.0
1350,183141.0
1351,183150.0
1352,183202.0
1353,183211.0
1354,183239.0
1355,183248.0
1356,183257.0
1357,183275.0
1358,183488.0
1359,183655.0
1360,183725.0
1361,183743.0
1362,183789.0
1363,183804.0
1364,183822.0
1365,183859.0
1366,183877.0
1367,183910.0
1368,183938.0
1369,183974.0
1370,183983.0
1371,184047.0
1372,184056.0
1373,184092.0
1375,184180.0
1376,184205.0
1377,184278.0
1378,184348.0
1380,184427.0
1381,184481.0
1382,184506.0
1383,184603.0
1384,184612.0
1385,184694.0
1386,184746.0
1387,184773.0
1388,184782.0
1389,184791.0
1390,184816.0
1391,184870.0
1392,184959.0
1393,184968.0
1394,184995.0
1395,185129.0
1396,185174.0
1397,185262.0
1398,185332.0
1399,185396.0
1400,185466.0
1401,185509.0
1402,185536.0
1403,185572.0
1404,185590.0
1406,185679.0
1407,185721.0
1409,185758.0
1410,185767.0
1411,185828.0
1412,185873.0
1413,185970.0
1414,186016.0
1415,186034.0
1416,186052.0
1417,186122.0
1418,186131.0
1419,186186.0
1420,186201.0
1421,186274.0
1422,186283.0
1423,186335.0
1424,186371.0
1425,186380.0
1426,186399.0
1427,186405.0
1428,186423.0
1429,186432.0
1430,186469.0
1431,186584.0
1432,186593.0
1433,186618.0
1434,186645.0
1435,186867.0
1436,186876.0
1437,186900.0
1438,187000.0
1439,187046.0
1440,187134.0
1442,187198.0
1443,
1444,187505.0
1445,187532.0
1446,187596.0
1447,187602.0
1448,187620.0
1449,187639.0
1450,187648.0
1451,187666.0
1452,187745.0
1453,187897.0
1454,187903.0
1455,187912.0
1456,187958.0
1457,187967.0
1458,187976.0
1459,187985.0
1460,187994.0
1461,188003.0
1462,188021.0
1463,188030.0
1464,188049.0
1465,188058.0
1466,188100.0
1467,188137.0
1468,188146.0
1469,
1470,188207.0
1471,188216.0
1472,188225.0
1473,188261.0
1474,
1475,
1476,
1477,188429.0
1478,188438.0
1480,188517.0
1481,188526.0
1482,188535.0
1483,188580.0
1484,188641.0
1485,188650.0
1486,188669.0
1487,188678.0
1488,188687.0
1489,188696.0
1490,188854.0
1491,188890.0
1492,188915.0
1493,188942.0
1495,189015.0
1496,189088.0
1497,189097.0
1498,189219.0
1499,189228.0
1500,189264.0
1501,189273.0
1502,189282.0
1503,189404.0
1504,189413.0
1506,189459.0
1507,189468.0
1508,189477.0
1509,189501.0
1510,189547.0
1511,189556.0
1512,189565.0
1513,189574.0
1514,189583.0
1515,189592.0
1516,189705.0
1517,189714.0
1518,189811.0
1519,189839.0
1520,189848.0
1521,189857.0
1522,189954.0
1523,189981.0
1524,189990.0
1525,190008.0
1526,190044.0
1527,190053.0
1528,190071.0
1529,190080.0
1530,190099.0
1531,190114.0
1532,190150.0
1533,190169.0
1534,190239.0
1535,190248.0
1536,190293.0
1537,190309.0
1538,190318.0
1539,190372.0
1540,190415.0
1541,
1542,190442.0
1543,190451.0
1544,190503.0
1545,190512.0
1546,190521.0
1547,190530.0
1548,190549.0
1549,190558.0
1550,190567.0
1551,190576.0
1552,190585.0
1553,190594.0
1554,190600.0
1555,190619.0
1556,190628.0
1557,190637.0
1558,190646.0
1559,190655.0
1560,190664.0
1561,190673.0
1562,190682.0
1563,190691.0
1564,190707.0
1565,190716.0
1566,190725.0
1567,
1568,190761.0
1570,190840.0
1571,190956.0
1572,190974.0
1573,190983.0
1574,191083.0
1575,191126.0
1576,191199.0
1577,191205.0
1578,191241.0
1579,191287.0
1580,191302.0
1581,191311.0
1582,191320.0
1583,191339.0
1585,191515.0
1586,191533.0
1587,191597.0
1588,191612.0
1589,191621.0
1590,191630.0
1591,191649.0
1592,191676.0
1593,191719.0
1594,191728.0
1596,191931.0
1597,191940.0
1598,191959.0
1599,191968.0
1600,191986.0
1601,192004.0
1602,192022.0
1603,192040.0
1604,192110.0
1606,192165.0
1607,192192.0
1608,192271.0
1609,192323.0
1610,192439.0
1611,192448.0
1612,192484.0
1613,192509.0
1615,192563.0
1616,192624.0
1617,192688.0
1618,192703.0
1619,192712.0
1620,192749.0
1621,192785.0
1622,192800.0
1623,192819.0
1624,192864.0
1625,192925.0
1626,192961.0
1627,192970.0
1628,193016.0
1629,193052.0
1630,193061.0
1631,193070.0
1632,193122.0
1633,193186.0
1634,193201.0
1635,193247.0
1636,193265.0
1637,193283.0
1638,193292.0
1639,193308.0
1640,193326.0
1641,193353.0
1642,193399.0
1643,193405.0
1644,193478.0
1645,193584.0
1646,193609.0
1647,193645.0
1648,193654.0
1649,193672.0
1650,193751.0
1652,193821.0
1653,193830.0
1654,193858.0
1655,193894.0
1656,193900.0
1657,193946.0
1658,193973.0
1659,193991.0
1660,194028.0
1661,194073.0
1662,194091.0
1663,194116.0
1664,194161.0
1665,194189.0
1666,194222.0
1667,194240.0
1668,194259.0
1669,194310.0
1670,194392.0
1671,194435.0
1672,194499.0
1673,194569.0
1674,194578.0
1676,194657.0
1677,194666.0
1679,194693.0
1680,194736.0
1681,194763.0
1682,194824.0
1684,194958.0
1685,195003.0
1686,
1687,195058.0
1688,195067.0
1689,195128.0
1690,195155.0
1691,195164.0
1692,195173.0
1693,195191.0
1694,195216.0
1695,195234.0
1696,195243.0
1697,195289.0
1698,195304.0
1699,195322.0
1700,195438.0
1701,195474.0
1702,195526.0
1703,195544.0
1704,195580.0
1706,195702.0
1707,195720.0
1708,195784.0
1709,195809.0
1711,195933.0
1712,195988.0
1713,196006.0
1714,196015.0
1715,196024.0
1716,196033.0
1717,196042.0
1718,196051.0
1719,196060.0
1720,196079.0
1721,196088.0
1722,196097.0
1723,196103.0
1724,196112.0
1725,196121.0
1726,196130.0
1727,196149.0
1728,196158.0
1729,196167.0
1730,196176.0
1731,196185.0
1732,196194.0
1733,196200.0
1734,196219.0
1735,196228.0
1736,196237.0
1737,196246.0
1738,196255.0
1739,196264.0
1740,196291.0
1741,
1742,196389.0
1743,196413.0
1744,196431.0
1745,196440.0
1746,196468.0
1748,196565.0
1749,196583.0
1750,196592.0
1751,196653.0
1752,196680.0
1753,196699.0
1755,196866.0
1756,196884.0
1757,197018.0
1758,197027.0
1759,
1761,
1762,
1763,197151.0
1764,
1765,
1766,
1767,197285.0
1768,197294.0
1769,
1771,
1772,
1774,
1775,
1776,
1777,
1778,
1779,
1780,197814.0
1781,197832.0
1782,197850.0
1783,197869.0
1784,197887.0
1785,197911.0
1786,197966.0
1787,197984.0
1788,197993.0
1789,198011.0
1790,198039.0
1791,198066.0
1792,198084.0
1793,198109.0
1794,198118.0
1795,198136.0
1796,198154.0
1797,198190.0
1798,198206.0
1799,198215.0
1800,198233.0
1802,198251.0
1803,198260.0
1804,198303.0
1805,198321.0
1806,198330.0
1807,198367.0
1808,198376.0
1809,198385.0
1810,198419.0
1811,198455.0
1812,198464.0
1813,198491.0
1814,198507.0
1815,198516.0
1816,198534.0
1817,198543.0
1818,198552.0
1819,198561.0
1820,198570.0
1821,198598.0
1822,198613.0
1823,198622.0
1824,198640.0
1825,198668.0
1826,198677.0
1827,198695.0
1828,198710.0
1829,198729.0
1830,198747.0
1831,198756.0
1832,198774.0
1833,198808.0
1834,198817.0
1835,198835.0
1836,198844.0
1837,198862.0
1838,198871.0
1839,198899.0
1840,198905.0
1841,198914.0
1842,198923.0
1844,198950.0
1845,198969.0
1846,198978.0
1847,198987.0
1848,199005.0
1850,199023.0
1851,199032.0
1852,199069.0
1853,199078.0
1854,199087.0
1855,199102.0
1856,199111.0
1857,199120.0
1858,199139.0
1859,199148.0
1860,199157.0
1861,199184.0
1862,199193.0
1863,199209.0
1864,199218.0
1865,199263.0
1866,
1867,199281.0
1868,199306.0
1869,
1870,199324.0
1871,199333.0
1872,199412.0
1873,199421.0
1874,199449.0
1875,199458.0
1876,199467.0
1877,199476.0
1878,199485.0
1879,199494.0
1880,199582.0
1881,199607.0
1882,199625.0
1883,199634.0
1884,199643.0
1885,199670.0
1886,199689.0
1887,199698.0
1889,199722.0
1890,199731.0
1891,199740.0
1892,199759.0
1893,199768.0
1894,199786.0
1895,199795.0
1896,
1897,
1898,
1899,
1900,
1901,
1902,
1903,
1904,
1905,
1906,199971.0
1907,
1908,
1909,
1910,200013.0
1911,200022.0
1912,200059.0
1913,200086.0
1914,200110.0
1915,200129.0
1916,200156.0
1917,200165.0
1918,200192.0
1919,200208.0
1920,200217.0
1921,200226.0
1922,200253.0
1923,200262.0
1924,200280.0
1925,200305.0
1926,200314.0
1927,200332.0
1928,
1929,200387.0
1930,200466.0
1931,200484.0
1932,200527.0
1933,200554.0
1934,
1935,200590.0
1936,200624.0
1937,200633.0
1938,200785.0
1939,200800.0
1940,200828.0
1941,200846.0
1942,200873.0
1943,201016.0
1944,201034.0
1945,201061.0
1946,201098.0
1947,201104.0
1948,201131.0
1949,201159.0
1950,201177.0
1951,201195.0
1952,201283.0
1953,201371.0
1954,201399.0
1955,201432.0
1956,201441.0
1957,201469.0
1958,201478.0
1959,201496.0
1960,201539.0
1961,201548.0
1965,201645.0
1966,201654.0
1967,201672.0
1968,201681.0
1969,201690.0
1970,201751.0
1971,201803.0
1972,201821.0
1973,201858.0
1974,201867.0
1975,201885.0
1976,201928.0
1977,201946.0
1978,201955.0
1979,201964.0
1980,201973.0
1981,201982.0
1982,202046.0
1983,202055.0
1984,202073.0
1985,202134.0
1986,202152.0
1987,202161.0
1988,202170.0
1989,202222.0
1990,202356.0
1991,202435.0
1992,202453.0
1993,202480.0
1994,202514.0
1995,202523.0
1996,202648.0
1997,202657.0
1998,202684.0
2000,202763.0
2001,202806.0
2002,202888.0
2003,202903.0
2004,202912.0
2005,202949.0
2006,202985.0
2007,203030.0
2008,203067.0
2009,203085.0
2010,203128.0
2011,203146.0
2012,203155.0
2014,203234.0
2015,203289.0
2017,203331.0
2018,203368.0
2019,203386.0
2020,203438.0
2021,203447.0
2022,203456.0
2023,203465.0
2024,203474.0
2025,203483.0
2026,203492.0
2027,203517.0
2028,203526.0
2029,203535.0
2030,203544.0
2031,203580.0
2032,203599.0
2033,203614.0
2034,203678.0
2035,203720.0
2036,203739.0
2037,203748.0
2038,203757.0
2039,203775.0
2040,203845.0
2041,203881.0
2042,203942.0
2043,203960.0
2044,203997.0
2045,204006.0
2046,204015.0
2047,204024.0
2048,204060.0
2049,204121.0
2050,204158.0
2051,204176.0
2052,204185.0
2053,204194.0
2054,204200.0
2055,
2056,204264.0
2058,204334.0
2059,204422.0
2060,204431.0
2061,204440.0
2062,204459.0
2063,204468.0
2064,204477.0
2065,204486.0
2066,204501.0
2068,204608.0
2069,204617.0
2070,204626.0
2071,204635.0
2072,204662.0
2073,204671.0
2074,204680.0
2075,204699.0
2076,204705.0
2077,204714.0
2078,204723.0
2079,204769.0
2080,204778.0
2081,204796.0
2082,204802.0
2083,204820.0
2084,204839.0
2085,204848.0
2086,204857.0
2087,204866.0
2088,204884.0
2089,204893.0
2090,204909.0
2091,204936.0
2092,204945.0
2093,204963.0
2094,204981.0
2095,204990.0
2096,205027.0
2097,205054.0
2098,205090.0
2099,205124.0
2100,205142.0
2101,205179.0
2102,
2103,205391.0
2104,205443.0
2105,205470.0
2109,205559.0
2113,205841.0
2114,205887.0
2115,205957.0
2116,205966.0
2117,206011.0
2118,206039.0
2119,206048.0
2120,
2121,206154.0
2122,206172.0
2123,206181.0
2124,206215.0
2126,206279.0
2127,206288.0
2128,
2129,
2130,
2131,206394.0
2132,
2133,
2135,
2136,
2137,
2138,
2139,206589.0
2140,
2141,
2142,
2144,
2145,206783.0
2146,206817.0
2147,206835.0
2148,206862.0
2149,206880.0
2150,206905.0
2151,206914.0
2152,206923.0
2153,206932.0
2154,206941.0
2155,206969.0
2156,206996.0
2157,207041.0
2158,207050.0
2159,207069.0
2160,207087.0
2161,207102.0
2162,207157.0
2164,207209.0
2165,207236.0
2166,207254.0
2167,207263.0
2168,207272.0
2169,207281.0
2170,207290.0
2171,207306.0
2172,207315.0
2173,207324.0
2174,207342.0
2175,207351.0
2176,207388.0
2177,207397.0
2178,207403.0
2179,207449.0
2180,207458.0
2181,207500.0
2183,207564.0
2184,207582.0
2186,207625.0
2187,207661.0
2188,207670.0
2190,207704.0
2191,
2192,207740.0
2193,207786.0
2194,207847.0
2195,207856.0
2196,207865.0
2197,207935.0
2198,207962.0
2199,
2200,
2201,208026.0
2202,
2203,
2204,208053.0
2206,208123.0
2207,208187.0
2208,208239.0
2209,208248.0
2210,208275.0
2211,208318.0
2212,208390.0
2213,208406.0
2214,208415.0
2215,208433.0
2216,208479.0
2217,208488.0
2218,208512.0
2219,208637.0
2220,208646.0
2221,208655.0
2222,208725.0
2223,208822.0
2224,208859.0
2226,209038.0
2227,209056.0
2228,209065.0
2229,209074.0
2230,209083.0
2231,209108.0
2232,209153.0
2233,209205.0
2234,209241.0
2235,209250.0
2236,209287.0
2237,209296.0
2238,209409.0
2239,209490.0
2240,209506.0
2241,209533.0
2242,209542.0
2243,209551.0
2244,209603.0
2245,209612.0
2246,209667.0
2247,209676.0
2248,209694.0
2249,209700.0
2250,209719.0
2251,209746.0
2252,209807.0
2253,
2254,209922.0
2255,209940.0
2256,209986.0
2257,210076.0
2259,210146.0
2260,210155.0
2261,210234.0
2262,210270.0
2263,
2264,210331.0
2265,210340.0
2267,
2268,
2269,
2270,
2271,210474.0
2273,210492.0
2274,210508.0
2275,210571.0
2276,210599.0
2277,210605.0
2278,210669.0
2279,210711.0
2280,210739.0
2281,210748.0
2282,210775.0
2283,210784.0
2284,210890.0
2286,210942.0
2287,210951.0
2288,210960.0
2289,211006.0
2290,211024.0
2291,211079.0
2292,211088.0
2293,211130.0
2295,211158.0
2296,211200.0
2297,211273.0
2298,211291.0
2299,211307.0
2300,211316.0
2301,211334.0
2302,211343.0
2303,211352.0
2304,211361.0
2306,211431.0
2307,211440.0
2308,211468.0
2309,211477.0
2310,211556.0
2311,211583.0
2312,211608.0
2313,211617.0
2314,211635.0
2315,211644.0
2316,211802.0
2317,211820.0
2318,211893.0
2319,211909.0
2320,211927.0
2321,211981.0
2322,212009.0
2323,212018.0
2324,212045.0
2325,212054.0
2327,212106.0
2328,212115.0
2329,212133.0
2330,212160.0
2331,212197.0
2333,212230.0
2334,212267.0
2335,212276.0
2337,212294.0
2338,212300.0
2339,212328.0
2340,212337.0
2341,212355.0
2342,212373.0
2343,212382.0
2344,212391.0
2345,212434.0
2346,212443.0
2347,212452.0
2348,212568.0
2349,212577.0
2350,212601.0
2351,212656.0
2352,212674.0
2353,212753.0
2354,212771.0
2355,212832.0
2356,212869.0
2357,212878.0
2358,212911.0
2359,212975.0
2360,212984.0
2361,212993.0
2362,213002.0
2363,213011.0
2364,213020.0
2365,213163.0
2366,213181.0
2367,213215.0
2368,213233.0
2369,213251.0
2370,213303.0
2371,213321.0
2372,213330.0
2373,213349.0
2374,213358.0
2375,213367.0
2376,213376.0
2377,213385.0
2378,213400.0
2379,213446.0
2380,213455.0
2381,213473.0
2382,213491.0
2383,213507.0
2384,213525.0
2385,213534.0
2386,213543.0
2387,213552.0
2388,213570.0
2389,213589.0
2390,213598.0
2391,213613.0
2392,213622.0
2393,213631.0
2395,213659.0
2396,213668.0
2397,213774.0
2398,213783.0
2399,213826.0
2400,
2401,213932.0
2402,213987.0
2403,213996.0
2404,214023.0
2405,214041.0
2406,214069.0
2407,214111.0
2408,214148.0
2409,214157.0
2410,214166.0
2411,214175.0
2412,214254.0
2413,214272.0
2414,214290.0
2415,214379.0
2416,214476.0
2417,214528.0
2419,214564.0
2420,214582.0
2421,214591.0
2422,214607.0
2423,214616.0
2424,214625.0
2425,214634.0
2426,214643.0
2427,214652.0
2428,214670.0
2429,214689.0
2430,214698.0
2431,214704.0
2432,214713.0
2433,214731.0
2434,214740.0
2435,214759.0
2436,214768.0
2437,214777.0
2438,214786.0
2439,214795.0
2440,214801.0
2441,214810.0
2442,214829.0
2443,214883.0
2444,214892.0
2445,214944.0
2447,214971.0
2448,215008.0
2450,215044.0
2451,215053.0
2452,215062.0
2453,215099.0
2454,215105.0
2455,215114.0
2456,215123.0
2457,
2458,215239.0
2459,
2460,
2461,
2462,
2463,
2464,215336.0
2465,215381.0
2466,215390.0
2467,215415.0
2468,215424.0
2470,215442.0
2471,215479.0
2472,215530.0
2473,215585.0
2474,215594.0
2475,215619.0
2476,215628.0
2477,215637.0
2478,215646.0
2479,215655.0
2480,215682.0
2481,215691.0
2482,215743.0
2483,215770.0
2484,215798.0
2485,215813.0
2486,215886.0
2487,
2488,215947.0
2489,
2490,215983.0
2491,215992.0
2492,216010.0
2493,216038.0
2494,216047.0
2495,216074.0
2496,216083.0
2497,216162.0
2498,216223.0
2499,216278.0
2500,216287.0
2501,216296.0
2502,216311.0
2503,216339.0
2504,216348.0
2505,216357.0
2506,216366.0
2507,216418.0
2508,216427.0
2509,216436.0
2510,216445.0
2511,216454.0
2512,216463.0
2513,
2514,
2515,
2516,
2517,
2518,
2519,
2520,
2521,
2522,
2523,
2524,
2525,216782.0
2526,
2527,
2528,
2529,
2530,
2531,
2532,
2533,
2534,
2535,217156.0
2536,217165.0
2537,217235.0
2538,217305.0
2539,217323.0
2541,217402.0
2542,217420.0
2543,217475.0
2544,
2545,217493.0
2546,217518.0
2547,217536.0
2548,217572.0
2549,217581.0
2550,217606.0
2551,217615.0
2552,217624.0
2553,217633.0
2554,217688.0
2555,217712.0
2556,217721.0
2557,217749.0
2558,217776.0
2559,217794.0
2560,217819.0
2561,217828.0
2562,217837.0
2563,217864.0
2564,217873.0
2565,217882.0
2566,217891.0
2567,217907.0
2568,217925.0
2569,217934.0
2570,217961.0
2571,217989.0
2572,217998.0
2573,218025.0
2574,218043.0
2575,218061.0
2576,218070.0
2577,218113.0
2578,218140.0
2579,218159.0
2580,218195.0
2581,218229.0
2582,218238.0
2583,218335.0
2584,218353.0
2585,218399.0
2586,218414.0
2587,218441.0
2588,218487.0
2589,218520.0
2590,218539.0
2591,
2592,
2593,
2594,
2595,
2596,
2597,
2598,218724.0
2599,218733.0
2600,
2601,218751.0
2602,218821.0
2603,218830.0
2604,218858.0
2605,218867.0
2606,218885.0
2607,218894.0
2608,
2609,
2610,
2611,
2612,
2613,219000.0
2614,219037.0
2615,219046.0
2617,219082.0
2618,219091.0
2619,219125.0
2620,219143.0
2621,219170.0
2622,219189.0
2623,219198.0
2624,219204.0
2625,219213.0
2626,219240.0
2627,219259.0
2628,219277.0
2629,219295.0
2630,219338.0
2631,219347.0
2632,219356.0
2633,219374.0
2634,
2635,219392.0
2636,219408.0
2637,219426.0
2638,219453.0
2639,
2640,
2641,219505.0
2642,219578.0
2643,219587.0
2644,219596.0
2645,219602.0
2646,219639.0
2647,219709.0
2648,219718.0
2649,219790.0
2650,219806.0
2651,219824.0
2652,219833.0
2653,219842.0
2654,219879.0
2655,219888.0
2656,219903.0
2657,219921.0
2658,219949.0
2659,219976.0
2660,219994.0
2661,220002.0
2662,220057.0
2663,220075.0
2664,220118.0
2665,220127.0
2666,220163.0
2667,220181.0
2668,
2669,220215.0
2670,220251.0
2671,220279.0
2672,220312.0
2673,220321.0
2674,220394.0
2675,220400.0
2676,220464.0
2677,220473.0
2678,220491.0
2679,220516.0
2680,220552.0
2682,220598.0
2683,220604.0
2684,220613.0
2685,220631.0
2686,220640.0
2687,220701.0
2688,220710.0
2689,220756.0
2690,220765.0
2691,220792.0
2692,220808.0
2693,220853.0
2694,220862.0
2695,220871.0
2696,220978.0
2697,220996.0
2698,221050.0
2699,221096.0
2700,221102.0
2701,221148.0
2702,221157.0
2703,221184.0
2704,221236.0
2705,221254.0
2706,221281.0
2707,221333.0
2708,221351.0
2709,221388.0
2710,221397.0
2711,221430.0
2712,221485.0
2713,221494.0
2714,221519.0
2715,221582.0
2716,221591.0
2717,221607.0
2718,221616.0
2719,221625.0
2720,221634.0
2721,221643.0
2722,221661.0
2723,221670.0
2724,221731.0
2725,221740.0
2726,221759.0
2727,221768.0
2728,221795.0
2729,221829.0
2730,221838.0
2731,221847.0
2732,221892.0
2733,221908.0
2734,221953.0
2735,221971.0
2737,
2739,
2740,
2741,
2742,
2743,222178.0
2744,222567.0
2745,222576.0
2746,222822.0
2747,222831.0
2748,222877.0
2749,222886.0
2750,222938.0
2751,222983.0
2752,222992.0
2753,223001.0
2754,223056.0
2755,223083.0
2756,223117.0
2757,223223.0
2758,223232.0
2759,223320.0
2760,223427.0
2761,223463.0
2762,
2763,223506.0
2764,223524.0
2765,223773.0
2766,223816.0
2767,223852.0
2768,223898.0
2769,223922.0
2770,224004.0
2771,224013.0
2772,224110.0
2773,224147.0
2774,224156.0
2775,224226.0
2776,224244.0
2777,224271.0
2778,224305.0
2779,224323.0
2780,224350.0
2782,224527.0
2783,224545.0
2784,224554.0
2785,224572.0
2786,224615.0
2787,224642.0
2788,
2789,
2790,224712.0
2791,224758.0
2792,224776.0
2793,224828.0
2794,224891.0
2795,224961.0
2796,225070.0
2797,225201.0
2798,225247.0
2799,225308.0
2800,225371.0
2801,225399.0
2802,225414.0
2803,225423.0
2804,225432.0
2805,225502.0
2806,225511.0
2807,225520.0
2808,225548.0
2809,225575.0
2810,
2811,225779.0
2814,225876.0
2815,225885.0
2816,225991.0
2817,226019.0
2818,226091.0
2819,226107.0
2820,226116.0
2821,226125.0
2822,226134.0
2823,226152.0
2824,226204.0
2825,226231.0
2826,226277.0
2828,226383.0
2829,226408.0
2830,226471.0
2831,226578.0
2832,226587.0
2833,226675.0
2835,226806.0
2836,226833.0
2837,
2838,
2839,226903.0
2840,226930.0
2841,227003.0
2842,227058.0
2843,227146.0
2844,227155.0
2845,227182.0
2846,227191.0
2847,227216.0
2848,227225.0
2849,
2850,227289.0
2851,227298.0
2852,227304.0
2853,227313.0
2854,227322.0
2855,227331.0
2856,227368.0
2857,227377.0
2858,227386.0
2859,227401.0
2860,227429.0
2861,227526.0
2862,227687.0
2863,227748.0
2864,227757.0
2865,227766.0
2866,227836.0
2867,227845.0
2868,227854.0
2869,
2870,227881.0
2871,227924.0
2872,227979.0
2873,228042.0
2874,228088.0
2875,228149.0
2876,228158.0
2877,228185.0
2878,228194.0
2879,228200.0
2880,228219.0
2881,228246.0
2882,228282.0
2883,228316.0
2884,228325.0
2885,228343.0
2886,228431.0
2887,228459.0
2888,228468.0
2889,228486.0
2890,228501.0
2891,228529.0
2892,228547.0
2893,228608.0
2894,
2895,228644.0
2896,228653.0
2897,228699.0
2898,228705.0
2899,228723.0
2900,228769.0
2901,228778.0
2902,228787.0
2903,228796.0
2904,228802.0
2905,228866.0
2906,228875.0
2907,228884.0
2908,228909.0
2909,228981.0
2910,229018.0
2911,229027.0
2912,229036.0
2913,229063.0
2914,229115.0
2915,229160.0
2916,229179.0
2917,229267.0
2918,229300.0
2919,229337.0
2920,229355.0
2921,229416.0
2922,229425.0
2923,
2924,
2925,
2926,
2927,
2928,
2929,
2930,
2931,
2932,
2933,229957.0
2934,230010.0
2935,230038.0
2936,230047.0
2937,230056.0
2938,230065.0
2939,230135.0
2940,230144.0
2941,230162.0
2942,230171.0
2943,230199.0
2944,230205.0
2945,230214.0
2946,230366.0
2948,230418.0
2949,230490.0
2950,230597.0
2951,230603.0
2952,230621.0
2953,230630.0
2954,230676.0
2955,
2956,
2957,230746.0
2958,
2959,
2960,
2961,230816.0
2962,230834.0
2963,230852.0
2964,230861.0
2965,230889.0
2966,230898.0
2967,230913.0
2968,230931.0
2969,230940.0
2970,230959.0
2971,230977.0
2972,230995.0
2973,231004.0
2974,231059.0
2975,231068.0
2976,231077.0
2977,231086.0
2978,231095.0
2979,
2980,
2981,
2982,231280.0
2983,231411.0
2984,231420.0
2986,231554.0
2987,231581.0
2988,231624.0
2989,231651.0
2990,231688.0
2991,231697.0
2992,231712.0
2993,231721.0
2994,231785.0
2995,231828.0
2996,231837.0
2997,231873.0
2998,231882.0
2999,231970.0
3000,232016.0
3001,232025.0
3002,232043.0
3003,232052.0
3004,232089.0
3005,232186.0
3006,232195.0
3007,232256.0
3008,232265.0
3009,232308.0
3010,232414.0
3011,232423.0
3012,232450.0
3014,232557.0
3015,232566.0
3016,232575.0
3017,232609.0
3018,232618.0
3019,232672.0
3020,232681.0
3021,232706.0
3022,232724.0
3023,232788.0
3024,232797.0
3025,232867.0
3026,232885.0
3027,232919.0
3028,232937.0
3029,232946.0
3030,232982.0
3031,233019.0
3032,233037.0
3033,233082.0
3034,233091.0
3035,233116.0
3036,233277.0
3037,233286.0
3038,233295.0
3039,233301.0
3040,233310.0
3041,233329.0
3042,233338.0
3043,233356.0
3044,
3045,233408.0
3046,233426.0
3047,233480.0
3048,233541.0
3049,233611.0
3050,233639.0
3051,233648.0
3053,233666.0
3054,233684.0
3055,233718.0
3056,233754.0
3057,233772.0
3058,233842.0
3059,233897.0
3060,
3061,
3062,
3063,
3064,
3065,
3066,
3067,
3068,
3069,
3070,
3072,
3074,
3075,
3077,234492.0
3078,234650.0
3079,234669.0
3080,234696.0
3081,234711.0
3084,234827.0
3085,234845.0
3086,234915.0
3087,234924.0
3088,234933.0
3089,234951.0
3090,234979.0
3091,235024.0
3092,235088.0
3093,235097.0
3094,235103.0
3095,235149.0
3096,235158.0
3097,235167.0
3098,235237.0
3099,235307.0
3100,235316.0
3101,235334.0
3102,235343.0
3103,235352.0
3104,235422.0
3105,235431.0
3106,235501.0
3109,235547.0
3110,235583.0
3111,235671.0
3112,235699.0
3113,235750.0
3115,235954.0
3116,236018.0
3117,236072.0
3118,236133.0
3119,236188.0
3120,236212.0
3121,236230.0
3122,236258.0
3123,
3124,236382.0
3125,236452.0
3126,236504.0
3127,236513.0
3129,236577.0
3130,236595.0
3131,236610.0
3132,236638.0
3133,236656.0
3134,236692.0
3135,236708.0
3136,236744.0
3137,236753.0
3138,
3139,
3140,
3141,
3142,
3144,
3145,
3146,
3147,
3148,
3149,237118.0
3150,237127.0
3151,237136.0
3153,237172.0
3154,237181.0
3155,237215.0
3156,237242.0
3157,237303.0
3158,237312.0
3159,237321.0
3160,237330.0
3161,237358.0
3162,237367.0
3163,237385.0
3164,237437.0
3165,237473.0
3166,237491.0
3167,237525.0
3168,237543.0
3169,237552.0
3170,237561.0
3171,237570.0
3172,237598.0
3173,237613.0
3174,237640.0
3175,
3176,237701.0
3177,237729.0
3178,237783.0
3179,237792.0
3180,237817.0
3181,237844.0
3182,
3183,
3184,
3185,
3186,
3187,
3189,
3190,
3191,238005.0
3192,
3193,
3194,
3195,
3197,
3198,238193.0
3199,238263.0
3200,238324.0
3201,238333.0
3202,238397.0
3203,238430.0
3204,238458.0
3205,238476.0
3206,238573.0
3207,238616.0
3208,238661.0
3209,238722.0
3210,238759.0
3212,238810.0
3214,238980.0
3215,239008.0
3216,239017.0
3217,239071.0
3218,239080.0
3219,239105.0
3220,239169.0
3221,239220.0
3222,239248.0
3223,239309.0
3224,239318.0
3225,239372.0
3226,239390.0
3227,239424.0
3228,239442.0
3229,239460.0
3230,239488.0
3231,239512.0
3232,239628.0
3233,239637.0
3234,239716.0
3235,239743.0
3236,239877.0
3237,239910.0
3238,239929.0
3239,
3240,
3241,240116.0
3242,
3243,
3244,
3245,
3246,
3247,240240.0
3248,
3249,
3250,
3251,
3252,
3253,
3254,240392.0
3255,
3256,
3257,
3258,
3259,
3260,
3261,
3262,240505.0
3263,240514.0
3264,240596.0
3265,240620.0
3266,240657.0
3267,240666.0
3268,
3269,240709.0
3270,
3271,
3272,240736.0
3273,240745.0
3274,240754.0
3275,240790.0
3276,240879.0
3277,240985.0
3278,241100.0
3279,241128.0
3280,241146.0
3281,241182.0
3282,241191.0
3283,241216.0
3284,241225.0
3285,241304.0
3286,241331.0
3287,241377.0
3288,241386.0
3289,241395.0
3290,241410.0
3291,241517.0
3292,241614.0
3293,241720.0
3294,241739.0
3295,241766.0
3296,241793.0
3297,241836.0
3298,241906.0
3299,241951.0
3300,242042.0
3301,242112.0
3302,242121.0
3303,242130.0
3304,242149.0
3305,242316.0
3306,242413.0
3307,242422.0
3308,242556.0
3309,242565.0
3310,242583.0
3311,242617.0
3312,242626.0
3313,242635.0
3314,242644.0
3315,242653.0
3316,242662.0
3317,242680.0
3318,242699.0
3319,242705.0
3320,242723.0
3321,242750.0
3322,242820.0
3324,242945.0
3325,242954.0
3326,242972.0
3328,243072.0
3329,243081.0
3330,
3331,
3332,
3334,
3335,
3337,
3338,
3339,
3340,
3341,243346.0
3342,243443.0
3343,243498.0
3344,243568.0
3345,243577.0
3346,243586.0
3347,243601.0
3348,243638.0
3349,243647.0
3350,
3351,243744.0
3352,243780.0
3353,243799.0
3354,243823.0
3355,243832.0
3356,243841.0
3360,244233.0
3361,244279.0
3362,244437.0
3363,244446.0
3365,244561.0
3366,244613.0
3367,245069.0
3368,245281.0
3370,
3371,245421.0
3372,245430.0
3373,
3374,245652.0
3376,245777.0
3377,245838.0
3378,245847.0
3379,245865.0
3380,245883.0
3381,245892.0
3382,245953.0
3383,245962.0
3384,245980.0
3385,245999.0
3387,246017.0
3388,246035.0
3389,246071.0
3390,246202.0
3391,246266.0
3392,246345.0
3393,246354.0
3394,246406.0
3395,246415.0
3396,246460.0
3398,246789.0
3399,246813.0
3400,246895.0
3401,246974.0
3402,247010.0
3403,247047.0
3404,247065.0
3405,247153.0
3406,247162.0
3407,247409.0
3408,247603.0
3409,247649.0
3410,247700.0
3411,
3412,247825.0
3413,247834.0
3414,247940.0
3416,248192.0
3417,248305.0
3418,248527.0
3419,248606.0
3420,248624.0
3421,248633.0
3422,248660.0
3423,248703.0
3424,248846.0
3425,248882.0
3426,248925.0
3427,248934.0
3428,249140.0
3429,249238.0
3430,249566.0
3431,249609.0
3432,250027.0
3434,250285.0
3435,250601.0
3436,250744.0
3437,250902.0
3438,250993.0
3439,251075.0
3441,251260.0
3442,251312.0
3443,260293.0
3444,260336.0
3446,260363.0
3447,260372.0
3448,260664.0
3449,260691.0
3450,260789.0
3451,260813.0
3452,260901.0
3453,260910.0
3454,260929.0
3455,260947.0
3458,260992.0
3462,261436.0
3464,261676.0
3465,261685.0
3466,261719.0
3467,261773.0
3468,261861.0
3470,262022.0
3471,262031.0
3472,262086.0
3473,262129.0
3477,262341.0
3478,262369.0
3479,262402.0
3480,262466.0
3483,362700.0
3484,362782.0
3485,363013.0
3486,363077.0
3487,363147.0
3488,363165.0
3489,363439.0
3490,363590.0
3491,363633.0
3492,363679.0
3493,
3494,
3495,363882.0
3496,363907.0
3497,363916.0
3498,363934.0
3499,364016.0
3500,364025.0
3501,364122.0
3502,364168.0
3504,364548.0
3505,364575.0
3507,364627.0
3508,364636.0
3509,364751.0
3510,364760.0
3512,364946.0
3513,364955.0
3514,364964.0
3518,365091.0
3519,365125.0
3520,365198.0
3521,
3522,365213.0
3523,365240.0
3524,365374.0
3525,
3526,365426.0
3527,365480.0
3528,
3530,365693.0
3531,365763.0
3532,365824.0
3533,365833.0
3534,366003.0
3535,366155.0
3536,366191.0
3537,366252.0
3538,366261.0
3539,366270.0
3540,366289.0
3541,366340.0
3542,366368.0
3543,366395.0
3544,366401.0
3545,366438.0
3546,366465.0
3547,366535.0
3549,366553.0
3550,366571.0
3552,366605.0
3553,366623.0
3554,366632.0
3558,366711.0
3559,366748.0
3560,366793.0
3561,366960.0
3562,367024.0
3563,367051.0
3564,367088.0
3566,367103.0
3567,367112.0
3568,367158.0
3570,367334.0
3571,367361.0
3573,367431.0
3574,367459.0
3576,367875.0
3577,367884.0
3579,367936.0
3580,
3581,367972.0
3582,367981.0
3583,368036.0
3584,368230.0
3585,368364.0
3586,
3587,368443.0
3588,368452.0
3589,368540.0
3591,368629.0
3592,368647.0
3593,368771.0
3594,368780.0
3595,368832.0
3596,368911.0
3597,369002.0
3599,369109.0
3600,369400.0
3601,369419.0
3602,369446.0
3603,
3604,369516.0
3605,369659.0
3606,369668.0
3607,369686.0
3608,369695.0
3609,369783.0
3611,369862.0
3612,369905.0
3613,369950.0
3614,371034.0
3615,371052.0
3616,371690.0
3617,371830.0
3618,371928.0
3619,371964.0
3620,372000.0
3621,372028.0
3622,372073.0
3623,372082.0
3624,372240.0
3625,372329.0
3626,
3627,372462.0
3629,372718.0
3631,372921.0
3632,372958.0
3633,
3634,373085.0
3635,373216.0
3636,373456.0
3637,373526.0
3638,373678.0
3639,373696.0
3640,
3641,373784.0
3642,374024.0
3643,374316.0
3644,374343.0
3646,374574.0
3647,374592.0
3648,374875.0
3649,374927.0
3650,374972.0
3651,374990.0
3652,375106.0
3653,
3654,375300.0
3655,375319.0
3656,375373.0
3657,375407.0
3658,375416.0
3660,375540.0
3661,375568.0
3663,375656.0
3664,375683.0
3665,375692.0
3666,375708.0
3667,375717.0
3668,375726.0
3669,375735.0
3670,375744.0
3671,375753.0
3672,375762.0
3674,
3675,375966.0
3676,375984.0
3677,376224.0
3678,376242.0
3679,376288.0
3680,376321.0
3681,376330.0
3682,376385.0
3683,376446.0
3684,376631.0
3686,376677.0
3687,376695.0
3689,377111.0
3690,377193.0
3691,377218.0
3692,377272.0
3693,377281.0
3694,377315.0
3695,
3696,377449.0
3697,377458.0
3698,
3699,377546.0
3700,
3701,
3702,
3703,
3704,
3705,377722.0
3706,377759.0
3707,378105.0
3709,378576.0
3710,378886.0
3711,378956.0
3713,379621.0
3714,379746.0
3715,379782.0
3716,380067.0
3718,380359.0
3719,380368.0
3720,380377.0
3721,380438.0
3722,380456.0
3723,
3724,380474.0
3725,381255.0
3726,381282.0
3727,381325.0
3728,381352.0
3729,381361.0
3730,381370.0
3731,381404.0
3732,381459.0
3733,381486.0
3735,381699.0
3737,381732.0
3738,381866.0
3740,381945.0
3741,382063.0
3742,382258.0
3743,382267.0
3745,382416.0
3746,382461.0
3747,382504.0
3748,382771.0
3749,382780.0
3750,382896.0
3751,382902.0
3752,382911.0
3753,382957.0
3754,383020.0
3755,383084.0
3756,383163.0
3758,383190.0
3760,383279.0
3761,383297.0
3762,383312.0
3763,383330.0
3764,383367.0
3766,383464.0
3767,383525.0
3768,383765.0
3769,383792.0
3771,383950.0
3772,383996.0
3773,384236.0
3774,384245.0
3775,384254.0
3776,384306.0
3777,384333.0
3778,384342.0
3779,
3780,384421.0
3782,385132.0
3783,385503.0
3784,385549.0
3785,385619.0
3786,386153.0
3787,386472.0
3789,387819.0
3790,387925.0
3791,388043.0
3792,388520.0
3793,388663.0
3794,
3795,389860.0
3796,390701.0
3797,390905.0
3798,391005.0
3799,391546.0
3801,391759.0
3802,392257.0
3803,392354.0
3804,392415.0
3806,
3808,393524.0
3809,393649.0
3810,393861.0
3813,395362.0
3814,395690.0
3816,397942.0
3817,398130.0
3818,399212.0
3819,399869.0
3820,399911.0
3821,400080.0
3822,400187.0
3823,
3824,
3826,401481.0
3827,401764.0
3828,402563.0
3830,402776.0
3831,402800.0
3834,403469.0
3835,403478.0
3836,
3837,404037.0
3838,404055.0
3839,404222.0
3840,404338.0
3841,
3842,
3843,
3844,404426.0
3848,404684.0
3849,404718.0
3850,404806.0
3851,404912.0
3852,404994.0
3853,405012.0
3854,405021.0
3855,
3856,405076.0
3857,405748.0
3858,405854.0
3859,405872.0
3860,405997.0
3861,406024.0
3862,406033.0
3863,406149.0
3864,406325.0
3866,406413.0
3867,406422.0
3868,406486.0
3869,406495.0
3870,406547.0
3871,407009.0
3872,407054.0
3874,407090.0
3875,407142.0
3876,407151.0
3877,407179.0
3880,407328.0
3881,
3882,407391.0
3883,407407.0
3884,407425.0
3885,407434.0
3887,407461.0
3888,407470.0
3889,407489.0
3890,407513.0
3891,407522.0
3892,407568.0
3893,407577.0
3894,407595.0
3895,407601.0
3896,407629.0
3897,407683.0
3898,407708.0
3899,407735.0
3900,
3902,408066.0
3903,408163.0
3905,408385.0
3906,408729.0
3907,408844.0
3908,408862.0
3909,409032.0
3911,409120.0
3912,409193.0
3913,409254.0
3914,409315.0
3916,409591.0
3917,409616.0
3918,409698.0
3921,410496.0
3922,410502.0
3925,410797.0
3926,410964.0
3927,411684.0
3928,411754.0
3930,412173.0
3931,412535.0
3932,412544.0
3933,412599.0
3934,413176.0
3935,413343.0
3936,413413.0
3937,413617.0
3938,413626.0
3939,413680.0
3940,413778.0
3941,413802.0
3942,
3948,413893.0
3949,413945.0
3950,413972.0
3952,414063.0
3953,414124.0
3955,414461.0
3956,414489.0
3958,414540.0
3961,414595.0
3962,414823.0
3964,414869.0
3965,414878.0
3966,414911.0
3967,414939.0
3968,414966.0
3969,415039.0
3970,415057.0
3971,415729.0
3972,415987.0
3973,416458.0
3974,416670.0
3975,416801.0
3978,417008.0
3979,417062.0
3980,417105.0
3981,
3984,417248.0
3987,417318.0
3988,417327.0
3989,417381.0
3990,417406.0
3991,417442.0
3992,417503.0
3993,417549.0
3994,417600.0
3995,417628.0
3996,417637.0
3997,417646.0
3998,
3999,417673.0
4000,417682.0
4001,417716.0
4002,417725.0
4003,417734.0
4004,417752.0
4005,417789.0
4006,417804.0
4007,417831.0
4008,417840.0
4009,417868.0
4010,417886.0
4011,
4013,417983.0
4014,417992.0
4015,
4016,418010.0
4017,
4018,418038.0
4019,418056.0
4020,418065.0
4021,418083.0
4022,418126.0
4023,418171.0
4024,418199.0
4025,418205.0
4026,418223.0
4027,
4028,418269.0
4029,418278.0
4030,418296.0
4031,
4032,418320.0
4033,418339.0
4034,418348.0
4035,
4037,
4038,418427.0
4039,418445.0
4040,418454.0
4041,418481.0
4042,418515.0
4043,
4044,418533.0
4045,418542.0
4046,418560.0
4047,418588.0
4048,418603.0
4049,418612.0
4050,418658.0
4051,418755.0
4052,418764.0
4053,418773.0
4054,418782.0
4055,418870.0
4056,418889.0
4057,418913.0
4058,418968.0
4059,419031.0
4060,419095.0
4061,419147.0
4063,419183.0
4064,419217.0
4065,419226.0
4066,419235.0
4067,419244.0
4068,419253.0
4069,419271.0
4070,419280.0
4072,419332.0
4073,419341.0
4074,419411.0
4075,419420.0
4076,419457.0
4077,419484.0
4078,419633.0
4079,419660.0
4080,419703.0
4081,419712.0
4082,419721.0
4084,420024.0
4085,420042.0
4086,420103.0
4087,420130.0
4089,420246.0
4090,420255.0
4091,
4092,
4093,
4094,420343.0
4095,420370.0
4096,420398.0
4098,420431.0
4099,
4100,420459.0
4101,
4103,420538.0
4104,420556.0
4105,420574.0
4106,420608.0
4107,420705.0
4108,420723.0
4109,420866.0
4110,420981.0
4111,421513.0
4112,421540.0
4113,421559.0
4114,421610.0
4115,421665.0
4116,421708.0
4117,
4118,421771.0
4119,421832.0
4120,421841.0
4121,421878.0
4122,421896.0
4123,422190.0
4124,422695.0
4125,422835.0
4126,423120.0
4127,423397.0
4128,423643.0
4129,423652.0
4131,425250.0
4132,425889.0
4133,425986.0
4134,426314.0
4136,427308.0
4137,427335.0
4139,427894.0
4141,427973.0
4142,427982.0
4143,427991.0
4144,428000.0
4145,428019.0
4146,428055.0
4148,428125.0
4149,428143.0
4150,428170.0
4151,428259.0
4152,428268.0
4153,428286.0
4155,428392.0
4156,428444.0
4157,429012.0
4158,429085.0
4159,429094.0
4161,
4164,430096.0
4165,430157.0
4166,430166.0
4167,430184.0
4168,430218.0
4169,430227.0
4170,430245.0
4171,430254.0
4173,430306.0
4174,430342.0
4179,430403.0
4181,430485.0
4182,430564.0
4183,430582.0
4185,430670.0
4186,430704.0
4187,430795.0
4188,430810.0
4189,430883.0
4190,430908.0
4191,430935.0
4192,430971.0
4193,431017.0
4194,431071.0
4195,431099.0
4196,431105.0
4197,431123.0
4198,431141.0
4199,431169.0
4200,431187.0
4201,431196.0
4203,431266.0
4204,431275.0
4205,431284.0
4207,431558.0
4208,431594.0
4209,431600.0
4210,431691.0
4212,431716.0
4213,431770.0
4215,431886.0
4216,431929.0
4217,
4218,
4219,
4220,432074.0
4221,432117.0
4222,
4223,432241.0
4224,432269.0
4225,432302.0
4226,432348.0
4227,432357.0
4228,432384.0
4229,432524.0
4231,433004.0
4232,433013.0
4233,433040.0
4234,433068.0
4235,433101.0
4236,
4237,433165.0
4238,433174.0
4239,
4240,433420.0
4241,433466.0
4242,433536.0
4243,433563.0
4244,433660.0
4245,433970.0
4246,434016.0
4248,434061.0
4249,434140.0
4250,434159.0
4251,434274.0
4252,434283.0
4253,434308.0
4255,434344.0
4256,434362.0
4259,434432.0
4260,434441.0
4261,434469.0
4262,434496.0
4264,434520.0
4265,434539.0
4270,434584.0
4271,434672.0
4272,434690.0
4273,434715.0
4274,
4276,434821.0
4277,434830.0
4278,434900.0
4279,
4280,434973.0
4281,435000.0
4282,436003.0
4283,436012.0
4284,436021.0
4285,436030.0
4286,436067.0
4287,436094.0
4288,436100.0
4290,
4291,436261.0
4292,436270.0
4293,436304.0
4294,436429.0
4295,436438.0
4296,436465.0
4297,436483.0
4298,436553.0
4299,436599.0
4300,436614.0
4301,436632.0
4302,436641.0
4303,436650.0
4304,436775.0
4305,436818.0
4306,436827.0
4307,436836.0
4310,
4311,437097.0
4312,437103.0
4314,437237.0
4315,437316.0
4317,437556.0
4318,437608.0
4319,437635.0
4322,437705.0
4323,437732.0
4324,437750.0
4325,437769.0
4326,437778.0
4327,437857.0
4328,437936.0
4329,438151.0
4330,438179.0
4332,438212.0
4333,438258.0
4335,438285.0
4336,438337.0
4337,438498.0
4338,438504.0
4339,438586.0
4340,438647.0
4342,438674.0
4343,438708.0
4344,438735.0
4345,438805.0
4346,438869.0
4348,438984.0
4349,439020.0
4350,439057.0
4351,439118.0
4352,439127.0
4354,439145.0
4355,439190.0
4356,439288.0
4357,439297.0
4360,439367.0
4361,439394.0
4363,439446.0
4364,439455.0
4365,439473.0
4366,439482.0
4367,439491.0
4368,439507.0
4369,439570.0
4370,439613.0
4371,439622.0
4373,439668.0
4374,439686.0
4375,439701.0
4376,439738.0
4377,439747.0
4378,439774.0
4379,439783.0
4380,439792.0
4381,439817.0
4383,439844.0
4384,439862.0
4385,439871.0
4386,439899.0
4387,439905.0
4388,439914.0
4389,439932.0
4390,439969.0
4392,439996.0
4393,
4394,440031.0
4395,440059.0
4398,440101.0
4400,440174.0
4401,440217.0
4402,440226.0
4403,440262.0
4404,440271.0
4405,440323.0
4406,440332.0
4407,440341.0
4409,440402.0
4410,440411.0
4411,440420.0
4412,
4413,440466.0
4415,440651.0
4416,440730.0
4417,440749.0
4418,440758.0
4419,440767.0
4420,440776.0
4421,440794.0
4423,440819.0
4424,440828.0
4425,440855.0
4426,
4427,
4428,
4430,440916.0
4432,440952.0
4433,440989.0
4434,441016.0
4435,441025.0
4436,441052.0
4437,441070.0
4438,
4439,441104.0
4440,441131.0
4441,441168.0
4444,441210.0
4445,
4446,441256.0
4448,
4452,441362.0
4453,441371.0
4454,441380.0
4456,441414.0
4457,441423.0
4458,441478.0
4459,441487.0
4460,441496.0
4461,441502.0
4462,441511.0
4463,441548.0
4464,441575.0
4465,441593.0
4466,
4467,441636.0
4468,441645.0
4469,441663.0
4470,441672.0
4471,441690.0
4472,441706.0
4473,441742.0
4474,441760.0
4476,441788.0
4477,441830.0
4478,441858.0
4479,441876.0
4480,441900.0
4481,
4482,
4483,441937.0
4486,441973.0
4487,441982.0
4490,
4491,442073.0
4492,442134.0
4493,442161.0
4495,442213.0
4496,442222.0
4498,442240.0
4499,442295.0
4500,442329.0
4503,442356.0
4504,
4505,
4506,442426.0
4507,442435.0
4508,442523.0
4509,442569.0
4511,442602.0
4512,442611.0
4513,442620.0
4514,
4515,442657.0
4516,442718.0
4517,442727.0
4519,442781.0
4521,442806.0
4522,442815.0
4523,442842.0
4524,442879.0
4525,442888.0
4526,442897.0
4527,442930.0
4528,442949.0
4530,442967.0
4531,442976.0
4532,442985.0
4533,443021.0
4534,443030.0
4535,443049.0
4536,443058.0
4537,443076.0
4538,443100.0
4539,443137.0
4540,443146.0
4541,443173.0
4542,443207.0
4543,443216.0
4544,443225.0
4545,443234.0
4546,443252.0
4547,443261.0
4549,443289.0
4550,443298.0
4551,
4552,
4553,
4555,443377.0
4556,443410.0
4558,443483.0
4559,443492.0
4562,443544.0
4563,443562.0
4564,443571.0
4565,443599.0
4567,443632.0
4568,443641.0
4569,443650.0
4570,443669.0
4571,443678.0
4572,443696.0
4573,443702.0
4574,443766.0
4575,443784.0
4576,443827.0
4577,443836.0
4579,443951.0
4580,443979.0
4581,444024.0
4583,444051.0
4584,444088.0
4585,444103.0
4586,444130.0
4588,444194.0
4589,444200.0
4590,444219.0
4591,444228.0
4593,444255.0
4594,444264.0
4595,444282.0
4596,444291.0
4597,444307.0
4598,444316.0
4599,444325.0
4600,444334.0
4601,444343.0
4602,444361.0
4603,444370.0
4604,444398.0
4605,444404.0
4606,444413.0
4608,444440.0
4609,444468.0
4610,444486.0
4611,444510.0
4612,444529.0
4613,444547.0
4614,444556.0
4615,444565.0
4616,444583.0
4617,444592.0
4618,444608.0
4619,444635.0
4620,444644.0
4622,444662.0
4623,444671.0
4624,444680.0
4625,444699.0
4627,444714.0
4628,444732.0
4630,444778.0
4631,444787.0
4632,444796.0
4633,444811.0
4634,444857.0
4635,444866.0
4636,444893.0
4639,444936.0
4640,444945.0
4641,444954.0
4642,444972.0
4643,444990.0
4644,445027.0
4646,
4649,445133.0
4650,445188.0
4651,445203.0
4652,445212.0
4654,445230.0
4655,445249.0
4656,445258.0
4657,445267.0
4658,445300.0
4660,445328.0
4662,445364.0
4663,445391.0
4664,445434.0
4665,445461.0
4666,445498.0
4667,445540.0
4668,
4669,445577.0
4670,445638.0
4671,445647.0
4672,445656.0
4673,445692.0
4674,445708.0
4675,445726.0
4676,445735.0
4677,445744.0
4678,445762.0
4679,445780.0
4680,445799.0
4682,445841.0
4683,445850.0
4684,445869.0
4685,445911.0
4687,445948.0
4688,445957.0
4690,446002.0
4691,446039.0
4692,446048.0
4695,446084.0
4696,446093.0
4697,446109.0
4698,446118.0
4699,446127.0
4700,446136.0
4701,446163.0
4703,446206.0
4705,446224.0
4706,446233.0
4707,446242.0
4708,446251.0
4709,446260.0
4710,446288.0
4711,446303.0
4712,446349.0
4713,446385.0
4714,446394.0
4716,446455.0
4717,446516.0
4718,446525.0
4719,446534.0
4721,446552.0
4722,446561.0
4723,446589.0
4724,446598.0
4725,
4726,446640.0
4728,446677.0
4730,446774.0
4732,446808.0
4735,446880.0
4741,446996.0
4742,447014.0
4743,447023.0
4744,447050.0
4745,447102.0
4746,447120.0
4747,447148.0
4748,447166.0
4749,447175.0
4750,447209.0
4751,447263.0
4752,447272.0
4758,447379.0
4759,447403.0
4760,447421.0
4761,447430.0
4762,447449.0
4763,447458.0
4764,447467.0
4765,447476.0
4766,447494.0
4767,447519.0
4769,447582.0
4770,447591.0
4771,447607.0
4772,447616.0
4773,447634.0
4775,447689.0
4776,447698.0
4777,447704.0
4778,447713.0
4779,447722.0
4780,447731.0
4781,447759.0
4782,447768.0
4783,447777.0
4784,447795.0
4785,447801.0
4786,447810.0
4787,447847.0
4788,447865.0
4789,447874.0
4790,447883.0
4791,447892.0
4792,447908.0
4793,447917.0
4794,447935.0
4795,447953.0
4796,447962.0
4797,447971.0
4798,447980.0
4799,
4800,448008.0
4801,448017.0
4802,448026.0
4804,448044.0
4805,448071.0
4806,448123.0
4807,448150.0
4808,448196.0
4810,448220.0
4811,448239.0
4812,448248.0
4813,448257.0
4814,448275.0
4815,448284.0
4816,448309.0
4817,448345.0
4818,448354.0
4820,448424.0
4821,448433.0
4830,448567.0
4831,448576.0
4832,448585.0
4833,
4834,448600.0
4835,448619.0
4836,448646.0
4837,448664.0
4838,448673.0
4839,448707.0
4840,448716.0
4841,448734.0
4842,448752.0
4843,448761.0
4844,448770.0
4845,448798.0
4848,
4849,448859.0
4850,448886.0
4851,448895.0
4852,448974.0
4853,448983.0
4854,449010.0
4855,449038.0
4856,449074.0
4857,449083.0
4858,449092.0
4859,449117.0
4860,
4861,449135.0
4862,449144.0
4873,449250.0
4874,449269.0
4876,449311.0
4877,449320.0
4878,449339.0
4879,449348.0
4880,449357.0
4881,449366.0
4882,449384.0
4883,449393.0
4884,
4885,449454.0
4886,449463.0
4887,449472.0
4888,449481.0
4889,449490.0
4890,449506.0
4891,449524.0
4892,449533.0
4893,449597.0
4894,449603.0
4895,449612.0
4896,449658.0
4897,449667.0
4898,449676.0
4899,449685.0
4900,449700.0
4901,449719.0
4902,449728.0
4903,
4904,449773.0
4905,449782.0
4906,449807.0
4907,449816.0
4908,449852.0
4909,449861.0
4910,
4911,449898.0
4912,449904.0
4913,449922.0
4914,449931.0
4915,449959.0
4916,449968.0
4917,449977.0
4918,449986.0
4919,449995.0
4920,450003.0
4921,450021.0
4923,450058.0
4924,450067.0
4925,450076.0
4926,450085.0
4927,450094.0
4928,450119.0
4929,450128.0
4931,450182.0
4932,
4941,
4942,450298.0
4943,450304.0
4944,450377.0
4945,450395.0
4946,450401.0
4949,450456.0
4951,
4952,450526.0
4953,450535.0
4954,450544.0
4955,450571.0
4957,450599.0
4958,450605.0
4959,450614.0
4960,450632.0
4961,450641.0
4962,450650.0
4965,450696.0
4966,450702.0
4967,450711.0
4968,450720.0
4970,450757.0
4971,450766.0
4982,450933.0
4983,450942.0
4984,450951.0
4985,450960.0
4986,450979.0
4987,450988.0
4988,451006.0
4989,451033.0
4990,451042.0
4991,451051.0
4993,451079.0
4994,451097.0
4995,451103.0
4996,451121.0
4997,
4998,451149.0
4999,451158.0
5000,451167.0
5001,451194.0
5003,451228.0
5004,
5005,451255.0
5006,451264.0
5007,451282.0
5008,451291.0
5009,451307.0
5010,451334.0
5011,451343.0
5012,451352.0
5014,
5015,
5016,451404.0
5017,451413.0
5018,451459.0
5019,451468.0
5020,451477.0
5021,451495.0
5022,451501.0
5023,451510.0
5024,451529.0
5025,451538.0
5026,451547.0
5027,451556.0
5028,451565.0
5029,451574.0
5030,451583.0
5031,451617.0
5032,
5033,451635.0
5034,451644.0
5035,
5036,451662.0
5037,
5040,451714.0
5041,451741.0
5042,451750.0
5044,451796.0
5045,451820.0
5047,451857.0
5048,451866.0
5049,451875.0
5050,451884.0
5051,451909.0
5052,451918.0
5059,452009.0
5061,452027.0
5066,452072.0
5067,452081.0
5068,452090.0
5069,452106.0
5070,
5071,452124.0
5072,452373.0
5073,452887.0
5074,452948.0
5075,453109.0
5076,453163.0
5077,453215.0
5078,453455.0
5079,453464.0
5081,453552.0
5084,453756.0
5085,453792.0
5086,453817.0
5088,454184.0
5089,454227.0
5090,454236.0
5091,454245.0
5092,454306.0
5102,454458.0
5110,454537.0
5111,454546.0
5112,454555.0
5113,454573.0
5114,454582.0
5116,454607.0
5117,454616.0
5118,
5119,454652.0
5120,454689.0
5121,454698.0
5122,454722.0
5124,454759.0
5125,454768.0
5126,454777.0
5127,454786.0
5128,454795.0
5129,454801.0
5130,454810.0
5131,454829.0
5132,454838.0
5133,454847.0
5134,454856.0
5135,454865.0
5136,454874.0
5137,454883.0
5139,454908.0
5140,454917.0
5141,454926.0
5142,454935.0
5143,454944.0
5144,454953.0
5145,454962.0
5146,454971.0
5147,454980.0
5148,454999.0
5149,455008.0
5150,455017.0
5151,455026.0
5152,455035.0
5153,455053.0
5154,455062.0
5155,455071.0
5156,455080.0
5157,
5158,455105.0
5159,455114.0
5160,455141.0
5162,455178.0
5163,455187.0
5164,455196.0
5165,455202.0
5166,455211.0
5167,455220.0
5168,455239.0
5169,
5170,455275.0
5171,455284.0
5172,455327.0
5173,455336.0
5174,455345.0
5175,455354.0
5176,455381.0
5178,455406.0
5179,455433.0
5180,455460.0
5181,455479.0
5182,455488.0
5183,
5184,
5185,455558.0
5186,
5190,455628.0
5191,455655.0
5192,455664.0
5193,455707.0
5194,
5195,455725.0
5196,455734.0
5197,455752.0
5198,455761.0
5199,455770.0
5200,455798.0
5201,455804.0
5202,455813.0
5203,455831.0
5204,
5205,455859.0
5206,455868.0
5207,455877.0
5208,455886.0
5209,455895.0
5210,455901.0
5211,455910.0
5212,455929.0
5214,455947.0
5215,455956.0
5216,455965.0
5217,455974.0
5218,455983.0
5219,
5220,456001.0
5222,456029.0
5223,456038.0
5224,
5225,456065.0
5226,456074.0
5227,456092.0
5228,456126.0
5229,456135.0
5231,456153.0
5232,456180.0
5233,456205.0
5234,456214.0
5235,456287.0
5236,456296.0
5240,456348.0
5250,456454.0
5251,456481.0
5252,456490.0
5253,456506.0
5254,456515.0
5255,456542.0
5256,456551.0
5257,456560.0
5258,456588.0
5259,456597.0
5261,456621.0
5273,
5275,456861.0
5276,456922.0
5277,456931.0
5278,456940.0
5279,456959.0
5280,456968.0
5281,456977.0
5283,457022.0
5284,457031.0
5285,457077.0
5286,457086.0
5287,457101.0
5288,457110.0
5289,457129.0
5290,457174.0
5292,
5293,457208.0
5294,457226.0
5295,457244.0
5296,457253.0
5297,457271.0
5298,457299.0
5299,457314.0
5300,457323.0
5301,457332.0
5302,457341.0
5303,457350.0
5304,457378.0
5305,457387.0
5306,457396.0
5307,457402.0
5308,457411.0
5309,457420.0
5310,457439.0
5311,457448.0
5312,457466.0
5313,457475.0
5314,457484.0
5315,
5317,457527.0
5318,457536.0
5319,457545.0
5320,457554.0
5321,457563.0
5322,457572.0
5323,457581.0
5325,457606.0
5326,457615.0
5327,457624.0
5328,457633.0
5329,457642.0
5330,457651.0
5331,457679.0
5332,457688.0
5333,457697.0
5334,457703.0
5335,457721.0
5337,457749.0
5339,457767.0
5340,457776.0
5341,457785.0
5342,457794.0
5343,457800.0
5344,457819.0
5346,457837.0
5347,457846.0
5348,457855.0
5349,457864.0
5350,457873.0
5351,457891.0
5352,457916.0
5353,457925.0
5354,457943.0
5355,457952.0
5357,457989.0
5358,457998.0
5359,458007.0
5360,458016.0
5361,458034.0
5362,458043.0
5363,458052.0
5364,458061.0
5365,458070.0
5366,458098.0
5367,458104.0
5368,458113.0
5369,458122.0
5371,458140.0
5372,458159.0
5373,458168.0
5375,458186.0
5377,
5378,
5379,
5380,458265.0
5381,458274.0
5382,458283.0
5390,458380.0
5392,458405.0
5393,458423.0
5394,458432.0
5395,458441.0
5397,458478.0
5398,458496.0
5399,458502.0
5400,
5401,458681.0
5402,458690.0
5403,458706.0
5409,458803.0
5410,458812.0
5411,458821.0
5412,458830.0
5413,458849.0
5414,458858.0
5415,458867.0
5416,458885.0
5417,458919.0
5418,458955.0
5419,458964.0
5420,458973.0
5421,458982.0
5423,459000.0
5424,459019.0
5425,459037.0
5426,459046.0
5427,459055.0
5428,459064.0
5429,459073.0
5430,
5431,459091.0
5432,459107.0
5433,459116.0
5434,459125.0
5437,459161.0
5438,459170.0
5439,459189.0
5440,459198.0
5441,459204.0
5442,459213.0
5443,459222.0
5444,459231.0
5445,459259.0
5446,459268.0
5447,459277.0
5448,459286.0
5449,459295.0
5450,459301.0
5451,459310.0
5452,459329.0
5454,459347.0
5456,459365.0
5457,459374.0
5458,459392.0
5459,459408.0
5460,459417.0
5461,459426.0
5463,459462.0
5465,459480.0
5466,459499.0
5467,459514.0
5469,459532.0
5470,459541.0
5471,459550.0
5472,459578.0
5484,459727.0
5485,459736.0
5486,459745.0
5487,459824.0
5488,459842.0
5489,459851.0
5490,459949.0
5491,459958.0
5492,459967.0
5493,459985.0
5494,459994.0
5496,460011.0
5497,460020.0
5502,460075.0
5503,460093.0
5504,460109.0
5505,460118.0
5506,460127.0
5507,460136.0
5508,460145.0
5509,460172.0
5510,460181.0
5511,460190.0
5512,460206.0
5513,460215.0
5514,460349.0
5515,460358.0
5516,460385.0
5517,460394.0
5518,460446.0
5519,460455.0
5520,460464.0
5521,460482.0
5522,460516.0
5523,460525.0
5524,460534.0
5525,460543.0
5526,460552.0
5528,460570.0
5530,460598.0
5533,460640.0
5535,460677.0
5537,460701.0
5539,460738.0
5540,460747.0
5541,460756.0
5542,460765.0
5543,
5544,460783.0
5545,460808.0
5546,460817.0
5547,460826.0
5548,460835.0
5549,
5550,
5551,460862.0
5552,460871.0
5553,460899.0
5555,460914.0
5556,
5557,460932.0
5560,460969.0
5561,460978.0
5562,460987.0
5563,460996.0
5564,461005.0
5565,461014.0
5566,461023.0
5567,461032.0
5569,461111.0
5570,461120.0
5571,461139.0
5572,461148.0
5573,461157.0
5574,461175.0
5575,461193.0
5576,461218.0
5577,461227.0
5578,461236.0
5579,461245.0
5580,461254.0
5581,461263.0
5582,461272.0
5583,461281.0
5584,461290.0
5585,461306.0
5586,461315.0
5587,461324.0
5588,461333.0
5589,461342.0
5590,461351.0
5591,461360.0
5592,461379.0
5593,461388.0
5595,461412.0
5596,461421.0
5597,461430.0
5598,461449.0
5600,461485.0
5601,461494.0
5602,461500.0
5603,461528.0
5604,461537.0
5605,461546.0
5606,461555.0
5607,461564.0
5608,461573.0
5609,461582.0
5610,461591.0
5611,461607.0
5612,461625.0
5613,461643.0
5614,461652.0
5616,461689.0
5617,461698.0
5618,461704.0
5619,461713.0
5620,461722.0
5621,461731.0
5622,461740.0
5623,461759.0
5624,461768.0
5625,461786.0
5626,461795.0
5627,461801.0
5628,461810.0
5629,461829.0
5630,461838.0
5632,461856.0
5633,461865.0
5634,461874.0
5635,461883.0
5636,461892.0
5637,461908.0
5638,461917.0
5639,461926.0
5641,461944.0
5642,461953.0
5643,461962.0
5645,461999.0
5646,462008.0
5647,462017.0
5649,462035.0
5650,462044.0
5651,462053.0
5652,462062.0
5653,462071.0
5654,462309.0
5655,462318.0
5656,462327.0
5657,462336.0
5658,462345.0
5659,462354.0
5663,465812.0
5664,466152.0
5665,466161.0
5666,466170.0
5667,466189.0
5669,466523.0
5670,466921.0
5671,466930.0
5673,467094.0
5674,467368.0
5693,467784.0
5695,467863.0
5696,467872.0
5697,467906.0
5698,468006.0
5700,468024.0
5701,468246.0
5702,468255.0
5703,468398.0
5704,468705.0
5706,468732.0
5707,468769.0
5708,468848.0
5709,468875.0
5710,
5711,468909.0
5712,468963.0
5714,469124.0
5715,469133.0
5716,469142.0
5717,469151.0
5718,469160.0
5721,469416.0
5722,469586.0
5723,469610.0
5724,469629.0
5725,469638.0
5727,469911.0
5728,469920.0
5729,469957.0
5731,470038.0
5732,
5736,470296.0
5738,470393.0
5744,474863.0
5745,
5746,474890.0
5747,474906.0
5748,474915.0
5749,474924.0
5750,474933.0
5751,474942.0
5752,474997.0
5753,475015.0
5754,475024.0
5755,475033.0
5757,475060.0
5759,475097.0
5760,475121.0
5761,475130.0
5762,475194.0
5763,
5764,475255.0
5765,475273.0
5766,475282.0
5768,475325.0
5769,
5770,
5772,475404.0
5773,475413.0
5774,475431.0
5775,475459.0
5776,475468.0
5777,475477.0
5778,475486.0
5779,475495.0
5781,475510.0
5783,475538.0
5784,475547.0
5785,475556.0
5786,475565.0
5787,475574.0
5788,475583.0
5789,
5790,475608.0
5791,
5792,475626.0
5793,475635.0
5794,475644.0
5795,475653.0
5796,475662.0
5798,475699.0
5799,475705.0
5800,475714.0
5801,475732.0
5802,475741.0
5803,475750.0
5804,475839.0
5805,
5806,476063.0
5812,476179.0
5813,476230.0
5814,476294.0
5816,476337.0
5817,476346.0
5818,476355.0
5819,
5820,476489.0
5821,476498.0
5823,476513.0
5824,476522.0
5825,476531.0
5826,
5827,
5828,476568.0
5830,476586.0
5831,476595.0
5832,476601.0
5833,476610.0
5834,476629.0
5835,476674.0
5836,476683.0
5837,
5838,476708.0
5839,476717.0
5840,476726.0
5841,476735.0
5842,476744.0
5843,476753.0
5844,476771.0
5845,476780.0
5846,476799.0
5847,476805.0
5848,476814.0
5849,476823.0
5850,476841.0
5851,476850.0
5852,476869.0
5853,476878.0
5854,476887.0
5855,
5856,476902.0
5857,476911.0
5858,476939.0
5859,476948.0
5860,476957.0
5861,476966.0
5862,476975.0
5863,476984.0
5864,476993.0
5865,477002.0
5866,
5867,477950.0
5868,477996.0
5869,478005.0
5870,478014.0
5871,478582.0
5872,478591.0
5873,478616.0
5874,478634.0
5875,478661.0
5876,478917.0
5877,478953.0
5878,479053.0
5879,479062.0
5880,479248.0
5881,479424.0
5892,479956.0
5893,479965.0
5894,479974.0
5895,479983.0
5896,479992.0
5897,480000.0
5898,480019.0
5899,480028.0
5900,480037.0
5901,480064.0
5902,480073.0
5903,480082.0
5904,480091.0
5905,
5906,480125.0
5907,480134.0
5909,480161.0
5910,480170.0
5911,480189.0
5912,
5913,480204.0
5914,480301.0
5915,480310.0
5916,480329.0
5918,480347.0
5919,480471.0
5921,
5922,480523.0
5923,480532.0
5924,480550.0
5925,480569.0
5926,480657.0
5927,480693.0
5928,480727.0
5929,480736.0
5931,480781.0
5932,480790.0
5933,
5934,480824.0
5935,480833.0
5936,480842.0
5937,480851.0
5938,480879.0
5939,480888.0
5940,480903.0
5941,480912.0
5942,480921.0
5943,480930.0
5944,480967.0
5945,480976.0
5946,480985.0
5947,480994.0
5948,481003.0
5949,481021.0
5950,481030.0
5951,481049.0
5952,481058.0
5953,481085.0
5954,481094.0
5955,481100.0
5957,481128.0
5958,481137.0
5959,
5960,481155.0
5961,481164.0
5962,481182.0
5963,481191.0
5964,481207.0
5965,481225.0
5966,481234.0
5967,481243.0
5969,
5970,481298.0
5972,481313.0
5973,481322.0
5974,481331.0
5975,481340.0
5977,481368.0
5978,481377.0
5979,481386.0
5980,481395.0
5981,481401.0
5982,
5983,481429.0
5984,
5985,481447.0
5986,481456.0
5987,481465.0
5988,
5989,481483.0
5990,481508.0
5991,481517.0
5992,481526.0
5993,481544.0
5994,481562.0
5995,481571.0
5996,481599.0
6001,481678.0
6002,481720.0
6003,481739.0
6004,481748.0
6006,481845.0
6007,481854.0
6008,481863.0
6009,481890.0
6010,481906.0
6011,481915.0
6012,481942.0
6013,481960.0
6014,
6015,482015.0
6016,482024.0
6018,482060.0
6019,482097.0
6020,482103.0
6021,482149.0
6022,482158.0
6023,482167.0
6024,482176.0
6025,482185.0
6026,482194.0
6027,482200.0
6028,
6029,482246.0
6030,482255.0
6033,482291.0
6035,482316.0
6036,482325.0
6037,482334.0
6038,482343.0
6040,482361.0
6041,482370.0
6044,482413.0
6045,482422.0
6046,482431.0
6047,482440.0
6048,482459.0
6049,482468.0
6050,482477.0
6051,482486.0
6054,482538.0
6055,482547.0
6056,482556.0
6057,482565.0
6058,482574.0
6059,482583.0
6061,482608.0
6062,482617.0
6063,482635.0
6064,482653.0
6067,482680.0
6068,482699.0
6069,482705.0
6071,482963.0
6072,482972.0
6073,482981.0
6074,482990.0
6075,483009.0
6076,483018.0
6077,483036.0
6078,483045.0
6079,483054.0
6080,483106.0
6081,483124.0
6082,483212.0
6083,483230.0
6084,483258.0
6085,483276.0
6087,
6088,483328.0
6089,483337.0
6090,483346.0
6091,483355.0
6092,483364.0
6093,483373.0
6094,483382.0
6095,483425.0
6096,483443.0
6097,483470.0
6098,483504.0
6099,483513.0
6101,483559.0
6103,483610.0
6105,483638.0
6106,483647.0
6107,483665.0
6110,483708.0
6111,483717.0
6112,483726.0
6113,483735.0
6114,
6115,483753.0
6116,483780.0
6117,483799.0
6118,483805.0
6119,483814.0
6120,483823.0
6121,483841.0
6122,483850.0
6123,483869.0
6124,483878.0
6125,483887.0
6126,483896.0
6128,483911.0
6129,483920.0
6130,483939.0
6131,483948.0
6132,483957.0
6134,483975.0
6136,484002.0
6137,484011.0
6138,484020.0
6139,484039.0
6140,484048.0
6141,484057.0
6142,484066.0
6143,484075.0
6144,484084.0
6145,484093.0
6146,484109.0
6147,484118.0
6148,484127.0
6149,
6151,484154.0
6152,484163.0
6153,484172.0
6155,484190.0
6156,484206.0
6157,484321.0
6158,484330.0
6159,484349.0
6160,484358.0
6161,484367.0
6162,484376.0
6163,484385.0
6164,484394.0
6165,484473.0
6167,484604.0
6168,484613.0
6169,484622.0
6170,484631.0
6171,484640.0
6172,484668.0
6173,484677.0
6174,484686.0
6175,484695.0
6176,484701.0
6177,484710.0
6178,484729.0
6179,484738.0
6180,
6181,
6182,
6183,484783.0
6185,484826.0
6186,484835.0
6187,484871.0
6189,484899.0
6190,484923.0
6191,484932.0
6192,484950.0
6193,
6194,484996.0
6195,485014.0
6196,485032.0
6199,485111.0
6200,485120.0
6201,485139.0
6202,485166.0
6205,485236.0
6207,485263.0
6208,
6209,485281.0
6210,485290.0
6211,485306.0
6212,485342.0
6213,485351.0
6214,485360.0
6215,485379.0
6216,485388.0
6217,485397.0
6218,485403.0
6219,485412.0
6220,485421.0
6221,485458.0
6222,485476.0
6223,485485.0
6224,485494.0
6225,485500.0
6226,485519.0
6227,485528.0
6228,
6229,485546.0
6230,485564.0
6231,485573.0
6232,485582.0
6233,485591.0
6234,485607.0
6235,485731.0
6236,485768.0
6237,
6238,485810.0
6239,485856.0
6240,485999.0
6241,
6242,
6243,486099.0
6244,486105.0
6245,486123.0
6246,
6247,486150.0
6248,486169.0
6250,486196.0
6251,486202.0
6253,486239.0
6254,
6255,
6256,486284.0
6258,486309.0
6259,486327.0
6260,486345.0
6261,486354.0
6262,486372.0
6263,486381.0
6264,486390.0
6265,486406.0
6266,486415.0
6267,486424.0
6268,486433.0
6269,486442.0
6270,
6272,486488.0
6273,486497.0
6274,486503.0
6275,486512.0
6276,486521.0
6277,486530.0
6278,486558.0
6279,486567.0
6280,486576.0
6281,
6283,486619.0
6284,486691.0
6285,486707.0
6286,486716.0
6288,486734.0
6289,486752.0
6290,486770.0
6291,486798.0
6292,486813.0
6293,486822.0
6295,486840.0
6296,
6297,486868.0
6298,486877.0
6299,486886.0
6300,486901.0
6301,486938.0
6302,486947.0
6303,486956.0
6304,486965.0
6305,486983.0
6306,487010.0
6307,487047.0
6308,
6309,487083.0
6310,487092.0
6311,487144.0
6312,487153.0
6313,487162.0
6314,487232.0
6316,487296.0
6317,487302.0
6318,487311.0
6319,487320.0
6320,487348.0
6323,487375.0
6324,487384.0
6325,487393.0
6326,487409.0
6327,487418.0
6328,487427.0
6329,487436.0
6330,487445.0
6331,487454.0
6333,487472.0
6334,487481.0
6335,487490.0
6336,487506.0
6337,487524.0
6338,487533.0
6339,487588.0
6340,487597.0
6341,487603.0
6342,487621.0
6344,487649.0
6345,487658.0
6347,487676.0
6348,10236801.0
6349,10236802.0
6350,10236803.0
6351,10236808.0
6352,10236809.0
6353,10635101.0
6355,10704401.0
6356,10722001.0
6357,10722002.0
6358,10722003.0
6360,10772501.0
6362,11046801.0
6363,11046802.0
6364,11046803.0
6365,11046804.0
6366,11046805.0
6382,11458501.0
6383,11473401.0
6384,11508303.0
6385,11508305.0
6386,11508306.0
6387,11577301.0
6388,11635001.0
6389,11643901.0
6390,11710401.0
6404,11854101.0
6405,11854102.0
6409,11917301.0
6410,12240901.0
6411,12265801.0
6412,12268501.0
6413,12268502.0
6414,12268503.0
6415,12268504.0
6416,12268505.0
6417,12268506.0
6418,12268507.0
6419,12268508.0
6420,12268510.0
6421,12268511.0
6422,12268512.0
6423,12268513.0
6424,12293101.0
6429,
6430,12697901.0
6434,13017401.0
6435,13017402.0
6436,13017403.0
6437,13017404.0
6438,13017405.0
6439,13017406.0
6440,13017407.0
6441,13090701.0
6442,13090702.0
6443,13180301.0
6444,13247101.0
6446,13508101.0
6447,13508102.0
6448,13508103.0
6449,13508104.0
6450,13508105.0
6451,13508106.0
6452,13508107.0
6453,13508108.0
6454,13508109.0
6455,13508110.0
6456,13508111.0
6457,13508112.0
6458,13508113.0
6459,13508114.0
6460,13508115.0
6461,13508116.0
6462,13830901.0
6463,13830902.0
6464,13830903.0
6465,13830904.0
6466,13962101.0
6467,13962102.0
6468,14736901.0
6469,14736902.0
6470,14902801.0
6471,14902802.0
6472,15085301.0
6473,15085302.0
6474,15085303.0
6475,15098701.0
6476,15098702.0
6477,15098703.0
6478,15098704.0
6479,15098705.0
6480,15098706.0
6481,15098707.0
6482,15098708.0
6483,15098709.0
6484,15098710.0
6485,15098711.0
6486,15098712.0
6487,15098713.0
6488,15098714.0
6489,15116601.0
6490,15116602.0
6491,15116604.0
6492,15116605.0
6493,15116606.0
6494,15116607.0
6495,15116608.0
6496,15116609.0
6497,15116610.0
6499,15336601.0
6500,15468801.0
6501,15468802.0
6503,15492501.0
6504,15492502.0
6506,15631001.0
6507,15631002.0
6508,15631003.0
6509,15631004.0
6510,15631005.0
6512,16149303.0
6516,16884701.0
6517,16884702.0
6518,16884703.0
6519,16884704.0
6520,16884705.0
6521,16884706.0
6522,16884707.0
6524,16884709.0
6525,16884710.0
6527,16947903.0
6528,16947904.0
6529,16947905.0
6530,16947907.0
6531,16947909.0
6532,16947910.0
6533,16947912.0
6535,16947918.0
6537,16947920.0
6538,16947921.0
6539,17296301.0
6540,17320301.0
6541,17355901.0
6542,17355902.0
6543,17355903.0
6544,17391101.0
6545,17399301.0
6546,17447301.0
6547,17501401.0
6548,17501402.0
6549,17501403.0
6550,17501404.0
6551,17501405.0
6552,17501406.0
6554,17526301.0
6555,17557301.0
6556,17557302.0
6557,17601701.0
6558,17623901.0
6559,17796801.0
6560,18017901.0
6561,18048901.0
6563,18303501.0
6564,18409201.0
6565,18557201.0
6566,18922801.0
6567,18945901.0
6568,19050301.0
6569,19050302.0
6570,19200401.0
6571,19457801.0
6572,
6573,19570201.0
6574,19857001.0
6576,20306701.0
6577,20306702.0
6578,20354401.0
6579,20417601.0
6580,20627901.0
6581,20627902.0
6582,20627903.0
6584,20627906.0
6585,
6586,
6587,21078401.0
6588,21130701.0
6589,21130702.0
6590,21287801.0
6591,21287802.0
6592,21287803.0
6593,21287804.0
6594,21429001.0
6595,21437901.0
6596,
6597,21608301.0
6598,22496101.0
6599,22797901.0
6600,22797902.0
6601,22828201.0
6602,22828202.0
6603,22872301.0
6604,23059701.0
6605,23368401.0
6606,23368402.0
6607,23368403.0
6608,23368404.0
6609,23368405.0
6610,23368407.0
6611,23368408.0
6612,23368409.0
6613,23368410.0
6614,23368411.0
6615,23384201.0
6616,
6617,
6618,
6620,
6621,24378001.0
6622,24378002.0
6623,24378003.0
6624,24378004.0
6625,24378006.0
6626,24378007.0
6627,24378008.0
6628,24378009.0
6629,24378010.0
6630,24893401.0
6631,24893402.0
6632,24893403.0
6633,24893404.0
6634,24893405.0
6635,24893406.0
6636,24893407.0
6637,24893408.0
6638,24893409.0
6639,24893410.0
6640,24893411.0
6641,24893412.0
6642,24893413.0
6643,24893414.0
6644,
6645,
6646,36520403.0
6647,
6648,
6649,
6650,
6652,37369601.0
6657,
6658,37727201.0
6659,37727202.0
6660,37728101.0
6661,37728102.0
6662,37728103.0
6665,38561901.0
6666,38561902.0
6671,40884401.0
6672,40884402.0
6675,41724801.0
6676,42312001.0
6677,42799101.0
6678,42799102.0
6679,42817001.0
6680,42817002.0
6681,42817003.0
6682,42817005.0
6684,43018401.0
6685,43018402.0
6686,43018403.0
6687,43018404.0
6688,43482101.0
6689,43601201.0
6691,43723701.0
6700,44098901.0
6701,44098902.0
6703,44098904.0
6704,44125601.0
6706,44376601.0
6707,44376602.0
6708,44376603.0
6709,44378401.0
6711,44378403.0
6712,44378404.0
6713,44378405.0
6714,44378406.0
6715,44459201.0
6716,44467101.0
6721,44781001.0
6722,44801701.0
6723,44867301.0
6724,44867302.0
6725,44867303.0
6726,44903801.0
6727,44903802.0
6728,44903803.0
6729,44903804.0
6730,44903805.0
6731,44903806.0
6733,44903808.0
6734,44903809.0
6737,44936601.0
6738,44970001.0
6739,44970002.0
6740,44970003.0
6741,44977302.0
6742,45037701.0
6744,45057102.0
6745,45316301.0
6746,45316302.0
6747,45316303.0
6748,45316304.0
6749,45316305.0
6750,45316306.0
6751,45321501.0
6753,45321503.0
6754,45486501.0
6755,45490801.0
6757,
6758,45763301.0
6761,45776701.0
6762,45794301.0
6763,45891901.0
6764,45891902.0
6765,45891903.0
6766,45891904.0
6767,45891905.0
6768,45891906.0
6769,45891907.0
6770,45891908.0
6771,45896401.0
6772,45896402.0
6773,45897301.0
6775,45897303.0
6776,45897304.0
6777,45897305.0
6778,45897306.0
6779,45897307.0
6780,45897308.0
6781,45920401.0
6782,47503301.0
6783,47503302.0
6784,
6787,47691101.0
6788,48065701.0
6789,48154401.0
6790,48387801.0
6791,48400201.0
6794,100654.0
6795,100663.0
6796,100690.0
6797,100706.0
6798,100724.0
6799,100751.0
6800,100760.0
6801,100812.0
6802,100830.0
6803,101028.0
6804,101116.0
6805,101143.0
6806,101161.0
6807,101189.0
6808,101240.0
6809,101277.0
6810,101286.0
6811,101295.0
6812,101301.0
6813,101365.0
6814,101435.0
6815,101453.0
6816,101462.0
6817,101480.0
6818,101499.0
6819,101505.0
6820,101514.0
6821,101541.0
6822,101569.0
6823,
6824,101602.0
6825,101648.0
6826,101675.0
6827,101693.0
6828,101709.0
6829,101736.0
6830,101879.0
6831,101897.0
6832,101912.0
6833,101949.0
6835,101994.0
6836,102030.0
6837,102049.0
6838,102058.0
6839,102067.0
6840,102076.0
6841,
6842,102234.0
6844,102270.0
6845,102298.0
6846,102313.0
6847,102368.0
6848,102377.0
6849,102395.0
6850,102429.0
6851,102553.0
6852,102580.0
6853,102614.0
6854,102632.0
6855,102669.0
6856,102711.0
6857,102845.0
6858,103501.0
6859,103741.0
6860,103778.0
6861,
6862,103811.0
6863,103893.0
6864,103909.0
6865,103927.0
6866,103954.0
6867,103963.0
6868,104090.0
6869,104151.0
6870,104160.0
6871,104179.0
6872,104188.0
6873,104346.0
6875,104391.0
6876,104425.0
6877,104434.0
6878,104443.0
6879,104504.0
6880,104568.0
6881,104577.0
6882,104586.0
6883,104665.0
6884,104708.0
6885,104717.0
6887,105145.0
6888,105154.0
6891,105206.0
6892,105215.0
6893,105297.0
6894,105330.0
6895,105349.0
6896,105367.0
6897,105428.0
6898,105482.0
6899,105525.0
6900,105534.0
6901,105543.0
6902,105589.0
6903,105659.0
6904,105668.0
6905,105677.0
6906,105701.0
6907,105747.0
6908,105792.0
6909,105899.0
6911,106041.0
6912,
6913,106111.0
6914,
6915,106245.0
6916,106263.0
6918,106306.0
6919,106315.0
6920,106324.0
6921,106342.0
6922,106351.0
6923,106360.0
6924,106397.0
6925,106412.0
6926,106449.0
6927,106458.0
6928,106467.0
6929,106485.0
6930,106494.0
6931,106546.0
6932,106625.0
6933,106704.0
6934,106713.0
6935,106795.0
6936,106810.0
6937,106829.0
6938,106883.0
6939,106892.0
6940,106908.0
6941,106980.0
6942,106999.0
6943,107044.0
6944,107071.0
6945,107123.0
6946,107141.0
6948,107293.0
6949,107318.0
6950,107327.0
6952,107442.0
6953,107460.0
6954,107488.0
6955,107512.0
6956,107521.0
6957,107549.0
6958,
6959,107585.0
6960,107600.0
6961,107619.0
6962,107637.0
6963,107655.0
6964,107664.0
6965,107725.0
6966,107743.0
6967,107789.0
6968,107831.0
6969,107840.0
6970,
6971,107974.0
6972,107983.0
6973,107992.0
6974,
6975,108092.0
6976,108232.0
6978,108269.0
6979,108348.0
6980,108649.0
6981,108667.0
6982,108807.0
6983,108852.0
6984,108861.0
6985,108870.0
6986,108977.0
6987,109040.0
6988,109086.0
6989,109208.0
6990,109350.0
6991,109651.0
6992,109721.0
6993,109730.0
6994,109785.0
6995,109819.0
6996,109907.0
6997,109934.0
6998,110060.0
6999,110097.0
7001,110194.0
7002,110219.0
7003,110246.0
7004,110307.0
7005,110316.0
7006,110334.0
7007,110361.0
7008,110370.0
7009,110398.0
7010,110404.0
7011,110413.0
7012,110422.0
7013,110468.0
7014,110486.0
7015,110495.0
7016,110510.0
7017,110529.0
7018,110538.0
7019,110547.0
7020,110556.0
7021,110565.0
7022,110574.0
7023,110583.0
7024,110592.0
7025,110608.0
7026,110617.0
7027,110635.0
7028,110644.0
7029,110653.0
7030,110662.0
7031,110671.0
7032,110680.0
7033,110699.0
7034,110705.0
7035,110714.0
7036,110778.0
7037,110875.0
7038,110918.0
7040,111054.0
7041,111081.0
7042,111188.0
7043,111391.0
7044,111434.0
7045,111461.0
7046,111513.0
7047,111638.0
7048,111708.0
7049,111717.0
7050,111726.0
7051,111744.0
7052,111762.0
7053,111799.0
7054,111887.0
7055,111896.0
7056,111920.0
7057,111939.0
7058,111948.0
7059,111966.0
7060,112075.0
7061,112084.0
7062,112127.0
7063,112172.0
7064,112181.0
7065,112190.0
7066,112251.0
7067,112260.0
7068,112288.0
7069,112367.0
7070,112385.0
7071,112394.0
7072,112446.0
7073,112455.0
7074,
7075,112561.0
7076,112570.0
7077,112686.0
7078,112826.0
7079,113096.0
7080,113111.0
7081,113193.0
7082,113218.0
7083,113236.0
7084,113333.0
7085,113449.0
7086,113537.0
7087,113573.0
7088,113582.0
7089,113634.0
7090,113698.0
7091,113704.0
7092,113856.0
7093,113980.0
7094,114044.0
7095,114114.0
7096,114123.0
7097,114266.0
7098,114354.0
7099,114390.0
7100,114415.0
7101,114433.0
7102,114460.0
7103,114549.0
7104,114585.0
7105,114637.0
7106,114716.0
7107,114761.0
7108,114789.0
7109,114813.0
7110,114840.0
7111,114859.0
7112,114938.0
7113,114947.0
7114,115001.0
7115,115010.0
7116,115083.0
7117,115126.0
7118,115214.0
7119,115296.0
7120,115357.0
7121,115393.0
7122,115409.0
7123,115658.0
7124,115728.0
7125,115746.0
7126,115755.0
7127,115773.0
7128,115861.0
7129,115931.0
7130,116226.0
7131,116350.0
7132,116439.0
7136,116563.0
7137,116712.0
7138,116846.0
7139,117052.0
7140,117104.0
7141,117113.0
7142,117140.0
7143,117168.0
7144,117195.0
7145,117238.0
7146,117247.0
7147,117274.0
7148,117520.0
7149,117557.0
7150,117575.0
7151,117627.0
7152,117636.0
7153,117645.0
7154,117672.0
7155,117690.0
7156,117706.0
7157,117715.0
7158,117724.0
7159,117733.0
7160,117751.0
7161,117788.0
7162,117803.0
7163,117867.0
7164,117928.0
7165,117946.0
7166,117955.0
7167,118143.0
7168,118161.0
7169,118189.0
7170,118198.0
7171,118259.0
7172,118277.0
7173,118286.0
7174,118347.0
7175,118541.0
7176,118684.0
7177,118693.0
7178,118718.0
7179,118772.0
7180,118888.0
7181,118912.0
7182,118930.0
7183,118958.0
7184,118967.0
7185,118976.0
7186,118994.0
7187,119058.0
7188,119067.0
7189,119137.0
7190,119164.0
7191,119173.0
7192,119216.0
7194,119270.0
7195,119331.0
7196,119553.0
7197,119605.0
7198,119775.0
7199,119845.0
7200,119951.0
7201,120069.0
7202,120078.0
7203,120087.0
7204,120184.0
7205,120254.0
7207,120290.0
7208,120342.0
7209,120403.0
7210,120421.0
7211,120537.0
7212,120661.0
7213,120698.0
7215,120768.0
7216,120795.0
7217,120838.0
7218,120865.0
7219,
7220,120953.0
7221,120971.0
7223,121044.0
7224,121150.0
7225,121257.0
7226,121275.0
7227,121309.0
7228,121345.0
7229,121363.0
7230,121433.0
7231,121619.0
7232,121628.0
7233,121637.0
7234,
7235,121707.0
7236,121859.0
7237,121868.0
7238,121886.0
7239,121901.0
7240,121983.0
7241,121992.0
7242,122117.0
7244,122180.0
7245,122205.0
7246,122296.0
7247,122339.0
7248,122366.0
7249,122375.0
7250,122384.0
7251,122409.0
7252,
7253,122454.0
7254,122506.0
7255,122597.0
7256,122603.0
7257,
7258,122649.0
7259,122658.0
7260,122685.0
7261,
7262,122746.0
7263,122755.0
7264,122791.0
7265,122834.0
7266,122852.0
7267,122889.0
7268,122931.0
7269,122977.0
7270,123013.0
7271,123095.0
7272,123165.0
7273,123217.0
7274,123280.0
7275,123299.0
7276,123341.0
7277,123350.0
7279,123448.0
7280,123457.0
7281,123484.0
7282,123493.0
7283,123509.0
7284,123527.0
7285,123554.0
7286,123563.0
7287,123572.0
7288,123633.0
7289,123642.0
7290,
7291,123679.0
7292,123800.0
7293,123916.0
7294,123943.0
7295,123952.0
7296,
7297,123970.0
7298,124113.0
7299,124283.0
7300,124292.0
7301,124487.0
7302,124681.0
7303,124706.0
7305,124937.0
7306,
7308,
7309,125170.0
7310,
7311,
7312,
7313,
7314,
7315,125532.0
7316,
7317,
7318,
7319,
7320,126012.0
7321,
7322,126049.0
7323,
7324,
7325,126164.0
7326,126182.0
7327,126207.0
7328,126289.0
7329,126359.0
7330,126401.0
7331,126562.0
7332,126580.0
7333,126605.0
7334,126614.0
7335,126669.0
7336,126678.0
7337,126687.0
7338,126702.0
7339,126711.0
7340,126748.0
7341,126775.0
7342,126784.0
7343,126818.0
7344,126827.0
7346,126863.0
7347,126872.0
7348,126915.0
7349,126942.0
7350,126951.0
7351,126979.0
7352,127060.0
7353,127158.0
7354,127185.0
7355,127200.0
7356,127219.0
7358,127273.0
7359,127316.0
7360,127556.0
7361,127565.0
7362,127617.0
7363,127653.0
7364,127680.0
7366,127714.0
7367,127732.0
7368,127741.0
7369,127778.0
7370,127787.0
7371,127820.0
7373,127884.0
7374,127909.0
7375,127918.0
7376,127945.0
7377,127954.0
7378,128106.0
7379,128151.0
7380,128179.0
7381,128188.0
7382,128258.0
7383,128337.0
7384,
7385,128498.0
7386,128540.0
7387,128577.0
7388,128674.0
7389,128683.0
7391,128744.0
7392,128771.0
7393,128780.0
7394,128896.0
7395,128902.0
7396,129002.0
7397,129020.0
7398,129154.0
7399,129181.0
7400,129215.0
7401,129242.0
7402,129349.0
7403,129367.0
7404,129428.0
7405,129482.0
7406,129491.0
7407,129525.0
7408,129534.0
7409,129543.0
7410,129695.0
7411,129729.0
7412,129756.0
7413,129808.0
7414,129923.0
7415,129932.0
7416,129941.0
7418,130004.0
7419,130040.0
7420,130110.0
7421,130174.0
7422,130183.0
7423,130217.0
7424,130226.0
7425,130253.0
7426,
7427,130396.0
7428,130448.0
7429,130493.0
7430,130509.0
7431,130581.0
7432,130590.0
7433,130606.0
7434,
7435,
7436,
7437,130837.0
7438,130873.0
7439,130907.0
7440,130934.0
7441,130943.0
7442,130989.0
7443,131061.0
7444,
7445,
7446,131159.0
7447,131283.0
7448,
7449,131405.0
7450,131450.0
7451,131469.0
7452,131496.0
7453,131520.0
7455,131803.0
7456,131830.0
7457,131876.0
7458,
7459,
7460,132338.0
7461,132408.0
7462,132471.0
7463,132602.0
7464,132657.0
7466,132675.0
7467,132693.0
7468,132709.0
7470,132842.0
7471,132851.0
7472,132879.0
7473,132903.0
7474,132976.0
7475,133021.0
7476,133155.0
7477,133386.0
7478,133465.0
7479,133492.0
7480,133508.0
7481,133526.0
7482,133553.0
7483,133650.0
7484,133669.0
7485,133702.0
7486,133711.0
7487,133809.0
7488,133845.0
7489,133854.0
7490,133863.0
7491,133872.0
7492,133881.0
7493,133942.0
7494,133951.0
7495,133960.0
7496,133979.0
7497,133997.0
7498,134024.0
7499,134079.0
7500,134097.0
7501,134112.0
7502,134130.0
7503,
7504,134228.0
7505,134237.0
7506,134291.0
7507,134307.0
7508,134343.0
7509,134422.0
7510,134495.0
7511,134510.0
7512,134529.0
7513,134574.0
7514,134608.0
7515,134680.0
7516,134714.0
7517,134811.0
7519,134945.0
7521,135081.0
7523,135142.0
7524,135160.0
7525,135179.0
7526,135188.0
7527,135267.0
7528,135276.0
7529,135294.0
7530,135337.0
7531,135364.0
7532,135391.0
7533,135407.0
7534,135522.0
7535,135559.0
7536,135610.0
7537,135647.0
7538,135717.0
7539,135726.0
7540,135735.0
7541,135771.0
7545,136109.0
7546,136145.0
7547,136172.0
7548,136215.0
7549,136233.0
7550,
7551,136303.0
7552,136330.0
7553,136358.0
7554,136400.0
7555,136473.0
7556,136491.0
7557,136516.0
7558,136659.0
7559,136701.0
7560,137032.0
7561,137078.0
7562,137087.0
7563,137096.0
7564,137120.0
7565,137148.0
7566,137209.0
7567,137245.0
7568,137272.0
7569,137281.0
7570,137315.0
7571,
7572,137476.0
7573,137546.0
7574,137564.0
7575,137591.0
7576,137759.0
7577,137777.0
7578,137801.0
7579,
7580,137847.0
7581,137856.0
7582,137865.0
7583,137953.0
7584,
7585,
7586,138309.0
7587,138354.0
7588,138372.0
7589,138488.0
7590,
7591,138558.0
7592,138600.0
7593,138655.0
7594,138664.0
7595,138682.0
7597,139214.0
7598,139250.0
7599,
7600,139287.0
7601,139311.0
7602,139348.0
7603,139357.0
7604,139366.0
7605,139384.0
7606,139463.0
7607,139506.0
7608,139579.0
7609,139621.0
7610,139630.0
7611,139658.0
7612,139700.0
7613,139746.0
7614,139755.0
7615,139764.0
7616,139861.0
7617,139931.0
7618,139940.0
7619,139959.0
7620,139995.0
7621,140003.0
7622,140012.0
7623,140146.0
7624,140234.0
7625,140243.0
7626,140252.0
7627,140331.0
7628,140340.0
7629,140447.0
7630,140553.0
7631,140562.0
7632,140678.0
7633,140696.0
7634,140720.0
7635,140818.0
7636,140827.0
7637,140872.0
7638,140942.0
7639,140951.0
7640,140960.0
7641,140988.0
7642,141006.0
7643,141015.0
7644,141060.0
7645,141167.0
7646,141185.0
7647,141237.0
7648,
7649,
7650,
7651,
7652,
7653,141486.0
7654,141565.0
7655,141574.0
7656,141608.0
7657,141644.0
7658,141680.0
7659,141796.0
7660,141802.0
7661,141811.0
7662,141839.0
7664,
7665,141945.0
7666,141981.0
7667,
7668,142054.0
7669,142090.0
7670,142115.0
7671,142179.0
7672,142276.0
7673,142285.0
7674,142294.0
7675,142328.0
7677,142407.0
7678,142416.0
7679,142443.0
7680,142461.0
7681,142489.0
7682,142522.0
7683,142559.0
7684,142832.0
7685,142887.0
7686,143048.0
7687,143084.0
7688,143118.0
7689,143181.0
7690,143215.0
7691,143233.0
7692,143279.0
7693,143288.0
7694,143297.0
7695,143303.0
7696,143358.0
7697,143376.0
7698,143464.0
7699,143473.0
7700,143482.0
7701,143491.0
7702,143516.0
7703,143543.0
7704,143552.0
7705,143613.0
7706,143659.0
7707,143695.0
7708,143853.0
7709,143978.0
7710,144005.0
7711,144014.0
7712,144050.0
7713,144157.0
7714,144166.0
7715,144175.0
7716,144184.0
7717,144193.0
7718,144209.0
7719,144218.0
7720,144281.0
7721,144351.0
7723,144485.0
7724,144564.0
7725,144573.0
7726,144740.0
7727,144795.0
7728,144865.0
7729,144883.0
7730,144892.0
7731,144944.0
7732,144962.0
7733,144971.0
7734,145099.0
7735,145239.0
7736,145275.0
7737,145309.0
7738,145336.0
7739,145354.0
7740,145372.0
7741,145406.0
7742,145424.0
7743,145433.0
7744,145460.0
7745,145497.0
7746,145521.0
7747,145558.0
7748,145600.0
7749,145619.0
7750,145628.0
7751,145637.0
7752,145646.0
7753,145682.0
7754,145691.0
7755,145707.0
7756,145725.0
7757,145770.0
7758,145813.0
7759,145886.0
7761,146205.0
7762,146241.0
7763,146278.0
7764,146296.0
7765,146339.0
7766,146348.0
7767,146366.0
7768,146393.0
7769,146418.0
7770,146427.0
7771,146472.0
7772,146481.0
7773,146490.0
7774,146506.0
7775,146533.0
7776,146603.0
7777,146612.0
7778,146667.0
7779,146676.0
7780,146685.0
7781,146700.0
7782,146719.0
7783,146728.0
7784,146755.0
7785,146807.0
7786,146816.0
7787,146825.0
7788,146977.0
7789,147004.0
7790,147013.0
7791,147031.0
7792,147129.0
7793,147165.0
7794,147244.0
7795,147341.0
7796,147369.0
7797,147378.0
7798,147396.0
7799,147411.0
7800,147439.0
7801,147536.0
7802,147590.0
7803,147642.0
7804,147660.0
7805,147679.0
7806,147697.0
7807,147703.0
7808,147749.0
7809,147767.0
7810,147776.0
7811,147800.0
7812,147819.0
7813,147828.0
7814,147916.0
7816,148007.0
7817,148098.0
7818,148131.0
7819,
7820,148177.0
7821,148256.0
7822,148292.0
7823,148335.0
7824,148380.0
7825,148399.0
7826,148405.0
7827,148487.0
7828,148496.0
7829,148511.0
7830,148575.0
7831,
7832,148593.0
7833,148627.0
7834,148654.0
7835,148672.0
7836,148821.0
7838,148876.0
7839,
7840,148937.0
7841,148955.0
7842,148982.0
7843,148991.0
7844,149028.0
7845,149222.0
7846,149231.0
7847,149310.0
7848,149329.0
7849,149365.0
7850,149499.0
7851,149505.0
7852,149514.0
7853,149532.0
7854,
7855,
7856,
7857,149763.0
7858,
7859,
7860,
7861,150048.0
7862,150066.0
7864,150136.0
7865,150145.0
7866,150163.0
7867,150172.0
7868,150215.0
7869,150251.0
7870,150288.0
7871,150303.0
7872,150400.0
7873,150428.0
7874,150437.0
7875,150455.0
7876,150534.0
7877,150604.0
7878,150668.0
7879,150677.0
7882,150756.0
7883,150765.0
7884,150774.0
7885,150853.0
7886,150941.0
7887,150987.0
7888,151102.0
7889,151111.0
7890,151166.0
7891,151263.0
7892,151290.0
7893,
7894,151324.0
7895,151333.0
7896,151342.0
7897,151351.0
7898,151360.0
7899,151379.0
7900,151388.0
7901,151458.0
7902,151467.0
7906,151564.0
7907,151607.0
7910,151652.0
7911,151661.0
7912,151777.0
7913,151786.0
7914,151801.0
7915,151810.0
7916,151865.0
7919,151962.0
7920,
7921,152080.0
7922,152099.0
7923,152150.0
7924,
7925,
7926,152275.0
7927,152309.0
7928,152318.0
7929,152327.0
7930,
7932,152381.0
7933,152390.0
7934,152415.0
7935,152451.0
7936,152497.0
7937,152530.0
7938,152567.0
7939,
7940,
7941,
7942,152798.0
7944,152992.0
7945,153074.0
7946,153083.0
7947,153108.0
7948,153126.0
7949,153144.0
7950,153162.0
7951,153171.0
7952,153214.0
7953,153241.0
7954,153250.0
7955,153269.0
7956,153278.0
7957,153296.0
7958,153302.0
7959,153311.0
7960,153320.0
7961,153339.0
7962,153366.0
7963,153375.0
7964,153384.0
7965,153409.0
7966,153418.0
7967,153427.0
7968,153445.0
7969,153463.0
7970,153472.0
7971,153524.0
7972,153533.0
7973,153542.0
7974,153588.0
7975,153597.0
7976,153603.0
7977,153621.0
7978,153630.0
7979,153658.0
7980,153737.0
7981,153746.0
7982,153764.0
7983,153773.0
7984,153782.0
7985,153825.0
7986,153834.0
7987,153861.0
7988,153922.0
7989,153977.0
7990,154004.0
7991,154013.0
7992,154022.0
7993,154059.0
7994,154095.0
7995,154101.0
7996,154110.0
7997,154129.0
7998,154156.0
7999,154165.0
8000,154174.0
8001,154208.0
8002,154235.0
8003,154262.0
8004,154332.0
8005,154341.0
8006,154350.0
8007,154378.0
8008,154396.0
8009,154448.0
8010,154457.0
8011,154466.0
8012,
8013,
8014,
8015,
8016,154545.0
8017,
8018,
8019,154642.0
8020,154688.0
8021,154697.0
8022,154712.0
8023,154721.0
8024,154749.0
8027,154794.0
8028,154800.0
8030,154855.0
8031,154907.0
8032,154925.0
8033,154934.0
8034,154952.0
8035,154998.0
8036,155007.0
8037,155025.0
8038,155052.0
8039,155061.0
8040,155070.0
8041,155089.0
8042,155098.0
8043,155104.0
8044,155140.0
8045,155159.0
8046,155177.0
8047,155186.0
8048,155195.0
8049,155201.0
8050,155210.0
8051,155283.0
8052,155292.0
8053,155308.0
8054,155317.0
8055,155335.0
8056,155353.0
8057,155399.0
8058,155414.0
8059,
8061,155450.0
8062,155487.0
8063,155496.0
8064,155511.0
8065,155520.0
8066,155566.0
8067,155593.0
8068,155618.0
8069,155627.0
8070,155636.0
8071,155681.0
8072,155715.0
8073,
8074,155830.0
8075,155858.0
8077,155900.0
8078,155937.0
8079,155973.0
8080,
8081,
8082,
8083,
8084,156189.0
8085,156213.0
8086,156222.0
8087,156231.0
8088,156277.0
8089,156286.0
8090,156295.0
8091,156310.0
8092,156338.0
8093,156356.0
8094,156365.0
8095,156392.0
8096,156408.0
8097,156417.0
8098,156426.0
8100,156471.0
8101,
8102,156620.0
8103,156648.0
8104,156727.0
8105,156745.0
8106,156754.0
8107,156790.0
8108,156842.0
8109,156851.0
8110,156860.0
8111,156921.0
8112,156967.0
8113,157021.0
8114,157030.0
8115,157058.0
8116,157076.0
8117,157085.0
8118,157100.0
8119,157207.0
8120,157216.0
8121,157270.0
8122,157289.0
8123,157298.0
8124,157304.0
8125,157331.0
8126,157377.0
8127,157386.0
8128,157401.0
8129,157438.0
8130,157447.0
8132,157465.0
8133,
8135,
8136,157553.0
8138,157614.0
8140,157650.0
8141,157669.0
8142,157678.0
8144,157711.0
8145,157739.0
8146,157757.0
8147,157766.0
8148,157793.0
8149,157809.0
8150,157818.0
8151,157827.0
8152,157863.0
8153,
8154,158088.0
8156,158246.0
8157,158325.0
8159,158343.0
8161,158431.0
8162,158440.0
8163,158477.0
8164,158538.0
8165,158617.0
8166,158644.0
8167,158662.0
8168,158723.0
8169,158778.0
8170,158787.0
8171,158802.0
8172,158884.0
8173,159009.0
8174,159027.0
8175,159197.0
8176,159319.0
8177,159328.0
8178,159373.0
8179,159382.0
8180,159391.0
8181,159407.0
8182,159416.0
8183,159513.0
8184,159522.0
8185,159531.0
8186,159568.0
8187,159601.0
8188,159647.0
8189,159656.0
8190,159717.0
8191,159939.0
8192,159966.0
8193,159993.0
8194,160010.0
8195,160029.0
8196,160038.0
8197,160065.0
8198,160074.0
8199,160117.0
8200,160126.0
8201,160199.0
8202,160320.0
8203,160409.0
8204,
8205,160472.0
8206,160481.0
8207,160524.0
8208,160579.0
8209,160597.0
8210,160612.0
8211,160621.0
8212,160630.0
8213,160649.0
8214,160658.0
8215,160667.0
8216,160755.0
8217,
8218,160913.0
8219,160940.0
8220,160959.0
8221,160977.0
8222,160995.0
8223,161004.0
8224,161022.0
8225,161077.0
8226,161086.0
8227,161138.0
8228,161192.0
8229,161208.0
8230,161217.0
8231,161226.0
8232,161235.0
8233,161244.0
8234,161253.0
8235,161299.0
8236,161341.0
8237,161457.0
8238,161493.0
8239,161509.0
8240,161518.0
8241,161527.0
8242,161545.0
8243,
8244,161563.0
8245,161572.0
8246,
8248,161651.0
8249,161688.0
8250,161767.0
8251,161800.0
8252,161855.0
8253,161864.0
8254,161873.0
8255,162007.0
8256,162061.0
8257,162104.0
8258,162122.0
8259,162168.0
8260,
8261,162283.0
8262,162335.0
8263,162371.0
8264,162557.0
8265,162584.0
8266,162609.0
8267,162654.0
8268,162681.0
8269,162690.0
8270,162706.0
8271,162760.0
8272,162779.0
8273,162830.0
8274,162928.0
8276,163028.0
8277,163046.0
8279,163204.0
8280,163259.0
8281,163268.0
8282,163286.0
8283,163295.0
8284,163338.0
8285,163347.0
8286,163408.0
8287,163426.0
8288,163532.0
8289,163541.0
8290,163578.0
8291,163657.0
8292,163736.0
8293,163754.0
8294,163815.0
8295,163851.0
8296,163912.0
8297,163976.0
8298,164058.0
8299,164076.0
8300,164085.0
8301,164173.0
8302,
8303,164270.0
8304,
8305,164368.0
8306,164438.0
8307,164447.0
8308,164465.0
8309,164474.0
8310,164492.0
8311,164535.0
8312,164562.0
8313,164580.0
8314,164599.0
8315,164614.0
8316,164632.0
8317,164641.0
8318,164678.0
8319,164720.0
8320,164739.0
8321,164748.0
8322,164775.0
8323,164845.0
8324,164872.0
8325,164915.0
8326,164924.0
8327,
8328,164988.0
8329,165015.0
8330,165024.0
8331,165033.0
8332,165060.0
8333,165112.0
8334,165167.0
8335,165194.0
8336,165255.0
8337,165264.0
8338,165334.0
8339,165495.0
8340,165529.0
8341,165556.0
8342,165574.0
8343,165608.0
8344,165635.0
8345,165644.0
8346,165662.0
8347,165671.0
8348,165699.0
8350,165750.0
8351,165802.0
8352,165820.0
8353,165866.0
8354,165884.0
8355,165936.0
8356,165945.0
8357,165981.0
8359,166018.0
8360,166027.0
8361,166054.0
8362,166124.0
8363,166133.0
8367,166391.0
8368,166407.0
8369,166452.0
8370,166489.0
8371,166498.0
8372,166513.0
8373,166586.0
8374,166595.0
8375,166629.0
8376,166638.0
8377,166647.0
8378,166656.0
8379,166674.0
8380,166683.0
8381,166692.0
8382,166708.0
8383,
8384,166805.0
8385,166823.0
8386,166850.0
8387,166869.0
8388,166887.0
8389,166911.0
8390,166948.0
8391,166957.0
8394,167039.0
8395,167057.0
8396,167093.0
8398,167224.0
8399,167251.0
8400,167260.0
8401,167288.0
8402,167297.0
8403,167312.0
8405,167358.0
8406,167376.0
8407,167394.0
8408,167455.0
8409,167464.0
8410,167525.0
8411,167534.0
8412,167899.0
8413,167905.0
8414,167987.0
8415,167996.0
8416,168005.0
8417,168032.0
8418,168148.0
8419,
8420,
8421,
8422,
8423,
8424,
8425,
8426,
8427,
8428,168528.0
8429,168546.0
8430,168555.0
8431,168573.0
8432,168591.0
8433,168607.0
8434,168740.0
8435,168786.0
8436,168847.0
8437,168892.0
8438,169071.0
8439,169080.0
8440,169099.0
8441,169424.0
8442,169442.0
8443,169479.0
8444,169503.0
8445,169521.0
8446,169576.0
8447,169628.0
8448,169716.0
8449,169734.0
8450,169761.0
8451,169798.0
8452,169910.0
8453,169974.0
8454,169983.0
8455,169992.0
8456,170000.0
8457,170055.0
8458,170082.0
8459,170091.0
8460,170240.0
8461,170301.0
8463,170532.0
8464,170541.0
8465,170550.0
8466,170587.0
8467,170611.0
8468,170620.0
8469,170639.0
8470,170657.0
8471,170675.0
8472,170806.0
8473,170842.0
8474,170967.0
8475,170976.0
8476,171012.0
8477,171100.0
8478,171137.0
8479,171146.0
8480,171155.0
8481,171234.0
8482,171261.0
8483,171304.0
8484,171322.0
8485,171395.0
8486,171456.0
8488,171483.0
8489,171492.0
8490,171535.0
8491,171571.0
8492,171775.0
8493,171881.0
8494,171988.0
8495,172033.0
8496,172051.0
8497,172307.0
8498,172440.0
8499,
8500,
8501,
8502,
8503,
8504,172918.0
8505,172927.0
8506,172954.0
8507,172963.0
8508,173045.0
8509,173063.0
8510,173115.0
8511,173124.0
8512,173142.0
8513,173160.0
8514,173179.0
8515,173328.0
8516,173416.0
8517,173452.0
8518,173470.0
8519,173489.0
8521,173638.0
8522,173647.0
8523,173665.0
8524,173683.0
8525,173744.0
8526,173805.0
8528,173896.0
8529,173902.0
8530,173911.0
8531,173920.0
8532,173957.0
8533,173966.0
8534,173984.0
8535,174020.0
8536,174066.0
8537,174118.0
8538,174136.0
8539,174154.0
8540,174190.0
8542,174233.0
8543,174251.0
8545,174321.0
8546,174358.0
8547,174385.0
8549,174428.0
8550,174473.0
8551,174491.0
8552,174507.0
8553,174525.0
8555,174570.0
8556,174604.0
8557,174756.0
8558,174783.0
8559,174792.0
8560,174817.0
8561,174844.0
8562,174862.0
8563,174899.0
8564,175005.0
8565,175014.0
8566,175139.0
8567,
8568,175315.0
8569,175342.0
8570,175421.0
8571,175494.0
8572,175519.0
8573,175528.0
8574,175607.0
8575,175616.0
8576,175698.0
8577,175829.0
8578,175883.0
8579,175980.0
8580,176017.0
8581,176035.0
8582,176044.0
8583,176062.0
8584,176071.0
8585,176080.0
8586,176169.0
8587,176239.0
8588,176318.0
8589,
8590,176390.0
8591,176406.0
8592,
8593,176600.0
8594,
8595,
8596,
8597,
8598,
8599,
8600,
8601,
8602,
8603,
8604,
8605,
8606,
8607,
8608,
8609,
8610,
8611,
8613,
8614,
8615,
8616,
8618,
8619,
8620,
8621,
8622,
8623,
8624,
8625,
8626,
8627,
8628,
8629,
8630,
8631,
8632,
8633,
8634,
8635,
8636,
8637,
8638,
8639,
8640,
8641,
8642,
8643,
8644,
8645,
8646,
8647,
8648,
8649,
8651,
8652,
8653,
8654,
8655,
8656,
8657,
8658,
8659,
8660,
8661,
8662,
8663,
8664,
8665,
8666,
8667,
8668,
8669,
8670,
8671,
8672,
8673,
8674,
8675,
8676,
8677,
8678,
8679,
8680,
8681,
8682,
8683,
8684,
8685,
8687,
8688,
8689,
8690,
8691,
8692,
8693,
8694,
8695,
8696,
8697,
8698,
8699,
8700,
8701,
8702,
8703,
8704,
8705,
8706,
8707,
8708,
8709,
8710,
8711,
8712,
8713,
8714,
8715,
8716,
8717,
8718,
8719,
8720,
8721,
8722,
8723,
8724,
8725,
8726,
8727,
8728,
8729,
8730,
8731,
8732,
8733,
8734,
8735,
8736,
8738,
8739,
8740,
8741,
8742,
8743,
8744,
8745,
8746,
8747,
